  0
SECTION
  2
HEADER
  9
$ACADVER
  1
AC1014
  9
$HANDSEED
  5
FFFF
  9
$INSUNITS
 70
     0
  9
$MEASUREMENT
 70
     1
  0
ENDSEC
  0
SECTION
  2
TABLES
  0
TABLE
  2
VPORT
  5
8
330
0
100
AcDbSymbolTable
 70
     4
  0
VPORT
  5
2E
330
8
100
AcDbSymbolTableRecord
100
AcDbViewportTableRecord
  2
*ACTIVE
 70
     0
 10
0.0
 20
0.0
 11
1.0
 21
1.0
 12
210.0
 22
148.5
 13
0.0
 23
0.0
 14
10.0
 24
10.0
 15
10.0
 25
10.0
 16
0.0
 26
0.0
 36
1.0
 17
0.0
 27
0.0
 37
0.0
 40
341.0
 41
1.24
 42
50.0
 43
0.0
 44
0.0
 50
0.0
 51
0.0
 71
     0
 72
   100
 73
     1
 74
     3
 75
     0
 76
     0
 77
     0
 78
     0
  0
ENDTAB
  0
TABLE
  2
LTYPE
  5
5
330
0
100
AcDbSymbolTable
 70
     1
  0
LTYPE
  5
14
330
5
100
AcDbSymbolTableRecord
100
AcDbLinetypeTableRecord
  2
BYBLOCK
 70
     0
  3

 72
    65
 73
     0
 40
0.0
  0
LTYPE
  5
15
330
5
100
AcDbSymbolTableRecord
100
AcDbLinetypeTableRecord
  2
BYLAYER
 70
     0
  3

 72
    65
 73
     0
 40
0.0
  0
LTYPE
  5
16
330
5
100
AcDbSymbolTableRecord
100
AcDbLinetypeTableRecord
  2
CONTINUOUS
 70
     0
  3
Solid line
 72
    65
 73
     0
 40
0.0
  0
ENDTAB
  0
TABLE
  2
LAYER
  5
2
100
AcDbSymbolTable
 70
7
  0
LAYER
  5
50
100
AcDbSymbolTableRecord
100
AcDbLayerTableRecord
  2
0
 70
0
  6
CONTINUOUS
  0
LAYER
  5
51
100
AcDbSymbolTableRecord
100
AcDbLayerTableRecord
  2
Ausland
 70
0
  6
CONTINUOUS
  0
LAYER
  5
52
100
AcDbSymbolTableRecord
100
AcDbLayerTableRecord
  2
Landesfläche
 70
0
  6
CONTINUOUS
  0
LAYER
  5
53
100
AcDbSymbolTableRecord
100
AcDbLayerTableRecord
  2
See_unten
 70
0
  6
CONTINUOUS
  0
LAYER
  5
54
100
AcDbSymbolTableRecord
100
AcDbLayerTableRecord
  2
Landesgrenzen
 70
0
  6
CONTINUOUS
  0
LAYER
  5
55
100
AcDbSymbolTableRecord
100
AcDbLayerTableRecord
  2
Bezirksgrenzen
 70
0
  6
CONTINUOUS
  0
LAYER
  5
56
100
AcDbSymbolTableRecord
100
AcDbLayerTableRecord
  2
See_oben
 70
0
  6
CONTINUOUS
  0
ENDTAB
  0
TABLE
  2
STYLE
  5
3
330
0
100
AcDbSymbolTable
 70
     1
  0
STYLE
  5
11
330
3
100
AcDbSymbolTableRecord
100
AcDbTextStyleTableRecord
  2
STANDARD
 70
     0
 40
0.0
 41
1.0
 50
0.0
 71
     0
 42
2.5
  3
txt
  4

  0
ENDTAB
  0
TABLE
  2
VIEW
  5
6
330
0
100
AcDbSymbolTable
 70
     0
  0
ENDTAB
  0
TABLE
  2
UCS
  5
7
330
0
100
AcDbSymbolTable
 70
     0
  0
ENDTAB
  0
TABLE
  2
APPID
  5
9
330
0
100
AcDbSymbolTable
 70
     2
  0
APPID
  5
12
330
9
100
AcDbSymbolTableRecord
100
AcDbRegAppTableRecord
  2
ACAD
 70
     0
  0
ENDTAB
  0
TABLE
  2
DIMSTYLE
  5
A
330
0
100
AcDbSymbolTable
 70
     1
  0
DIMSTYLE
105
27
330
A
100
AcDbSymbolTableRecord
100
AcDbDimStyleTableRecord
  2
ISO-25
 70
     0
  3

  4

  5

  6

  7

 40
1.0
 41
2.5
 42
0.625
 43
3.75
 44
1.25
 45
0.0
 46
0.0
 47
0.0
 48
0.0
140
2.5
141
2.5
142
0.0
143
0.03937007874016
144
1.0
145
0.0
146
1.0
147
0.625
 71
     0
 72
     0
 73
     0
 74
     0
 75
     0
 76
     0
 77
     1
 78
     8
170
     0
171
     3
172
     1
173
     0
174
     0
175
     0
176
     0
177
     0
178
     0
270
     2
271
     2
272
     2
273
     2
274
     3
340
11
275
     0
280
     0
281
     0
282
     0
283
     0
284
     8
285
     0
286
     0
287
     3
288
     0
  0
ENDTAB
  0
TABLE
  2
BLOCK_RECORD
  5
1
330
0
100
AcDbSymbolTable
 70
     1
  0
BLOCK_RECORD
  5
1F
330
1
100
AcDbSymbolTableRecord
100
AcDbBlockTableRecord
  2
*MODEL_SPACE
  0
BLOCK_RECORD
  5
1B
330
1
100
AcDbSymbolTableRecord
100
AcDbBlockTableRecord
  2
*PAPER_SPACE
  0
ENDTAB
  0
ENDSEC
  0
SECTION
  2
BLOCKS
  0
BLOCK
  5
20
330
1F
100
AcDbEntity
  8
0
100
AcDbBlockBegin
  2
*MODEL_SPACE
 70
     0
 10
0.0
 20
0.0
 30
0.0
  3
*MODEL_SPACE
  1

  0
ENDBLK
  5
21
330
1F
100
AcDbEntity
  8
0
100
AcDbBlockEnd
  0
BLOCK
  5
1C
330
1B
100
AcDbEntity
 67
     1
  8
0
100
AcDbBlockBegin
  2
*PAPER_SPACE
  1

  0
ENDBLK
  5
1D
330
1B
100
AcDbEntity
 67
     1
  8
0
100
AcDbBlockEnd
  0
ENDSEC
  0
SECTION
  2
ENTITIES
  0
LWPOLYLINE
  5
100
100
AcDbEntity
  8
Ausland
 62
7
100
AcDbPolyline
 90
4
 70
1
 10
0.000000
 20
796.918880
 30
0.0
 10
1339.617067
 20
796.918880
 30
0.0
 10
1339.617067
 20
49.807424
 30
0.0
 10
0.000000
 20
49.807424
 30
0.0
  0
SPLINE
  5
101
100
AcDbEntity
  8
Landesfläche
 62
7
100
AcDbSpline
 70
8
 71
3
 72
8
 73
4
 74
0
 40
0
 40
0
 40
0
 40
0
 40
1
 40
1
 40
1
 40
1
 10
912.722976
 20
646.752768
 30
0.0
 10
912.722976
 20
646.752768
 30
0.0
 10
912.712096
 20
646.719435
 30
0.0
 10
913.222976
 20
644.586101
 30
0.0
  0
LWPOLYLINE
  5
102
100
AcDbEntity
  8
Landesfläche
 62
7
100
AcDbPolyline
 90
79
 70
0
 10
966.322923
 20
749.752768
 30
0.0
 10
963.689589
 20
748.319435
 30
0.0
 10
962.589589
 20
748.252768
 30
0.0
 10
961.756256
 20
747.952768
 30
0.0
 10
961.522923
 20
747.619435
 30
0.0
 10
961.756256
 20
746.919435
 30
0.0
 10
961.756256
 20
744.886101
 30
0.0
 10
960.856256
 20
743.186101
 30
0.0
 10
959.956256
 20
742.452768
 30
0.0
 10
959.222923
 20
742.252768
 30
0.0
 10
958.256256
 20
741.119435
 30
0.0
 10
957.889589
 20
739.852768
 30
0.0
 10
958.089589
 20
735.852768
 30
0.0
 10
957.656256
 20
733.419435
 30
0.0
 10
958.556256
 20
729.886101
 30
0.0
 10
957.356256
 20
728.419435
 30
0.0
 10
959.889589
 20
723.286101
 30
0.0
 10
960.356256
 20
719.952768
 30
0.0
 10
959.789589
 20
717.552768
 30
0.0
 10
958.822923
 20
716.419435
 30
0.0
 10
958.289589
 20
712.986101
 30
0.0
 10
957.356256
 20
712.952768
 30
0.0
 10
957.022923
 20
712.119435
 30
0.0
 10
957.156256
 20
707.952768
 30
0.0
 10
958.656256
 20
705.952768
 30
0.0
 10
956.922923
 20
704.352768
 30
0.0
 10
956.489589
 20
702.686101
 30
0.0
 10
955.322923
 20
699.819435
 30
0.0
 10
954.189589
 20
697.152768
 30
0.0
 10
954.589589
 20
695.452768
 30
0.0
 10
953.956256
 20
693.919435
 30
0.0
 10
954.456256
 20
691.086101
 30
0.0
 10
956.322923
 20
690.219435
 30
0.0
 10
958.356256
 20
689.752768
 30
0.0
 10
959.022923
 20
689.186101
 30
0.0
 10
959.956256
 20
687.852768
 30
0.0
 10
960.189589
 20
686.752768
 30
0.0
 10
959.889589
 20
685.319435
 30
0.0
 10
956.656256
 20
683.619435
 30
0.0
 10
955.122923
 20
683.719435
 30
0.0
 10
954.422923
 20
683.786101
 30
0.0
 10
951.356256
 20
684.219435
 30
0.0
 10
949.789589
 20
685.552768
 30
0.0
 10
947.589589
 20
686.252768
 30
0.0
 10
943.689589
 20
687.119435
 30
0.0
 10
942.022923
 20
687.119435
 30
0.0
 10
941.789589
 20
688.619435
 30
0.0
 10
940.922923
 20
689.019435
 30
0.0
 10
939.389589
 20
689.086101
 30
0.0
 10
937.222923
 20
688.286101
 30
0.0
 10
936.222923
 20
688.352768
 30
0.0
 10
934.589589
 20
689.786101
 30
0.0
 10
933.156256
 20
689.286101
 30
0.0
 10
931.322923
 20
690.019435
 30
0.0
 10
928.922923
 20
687.686101
 30
0.0
 10
928.422923
 20
686.852768
 30
0.0
 10
929.289589
 20
685.486101
 30
0.0
 10
929.289589
 20
684.486101
 30
0.0
 10
927.822923
 20
681.986101
 30
0.0
 10
927.556256
 20
680.652768
 30
0.0
 10
928.622923
 20
677.352768
 30
0.0
 10
926.789589
 20
676.486101
 30
0.0
 10
925.222923
 20
674.852768
 30
0.0
 10
924.222923
 20
672.786101
 30
0.0
 10
922.222923
 20
671.352768
 30
0.0
 10
919.622923
 20
670.519435
 30
0.0
 10
917.622923
 20
669.652768
 30
0.0
 10
916.322923
 20
668.486101
 30
0.0
 10
914.389589
 20
664.986101
 30
0.0
 10
914.589589
 20
663.419434
 30
0.0
 10
913.389589
 20
661.352768
 30
0.0
 10
912.722923
 20
658.319434
 30
0.0
 10
912.189589
 20
655.852768
 30
0.0
 10
913.022923
 20
655.252768
 30
0.0
 10
913.389589
 20
654.086101
 30
0.0
 10
913.056256
 20
652.919434
 30
0.0
 10
913.222923
 20
650.552768
 30
0.0
 10
912.756256
 20
648.152768
 30
0.0
 10
912.722976
 20
646.752768
 30
0.0
  0
SPLINE
  5
103
100
AcDbEntity
  8
See_unten
 62
4
100
AcDbSpline
 70
8
 71
3
 72
8
 73
4
 74
0
 40
0
 40
0
 40
0
 40
0
 40
1
 40
1
 40
1
 40
1
 10
1268.049813
 20
468.383179
 30
0.0
 10
1269.941867
 20
468.791221
 30
0.0
 10
1272.505920
 20
469.244139
 30
0.0
 10
1274.308907
 20
469.947947
 30
0.0
  0
SPLINE
  5
104
100
AcDbEntity
  8
See_unten
 62
4
100
AcDbSpline
 70
8
 71
3
 72
8
 73
4
 74
0
 40
0
 40
0
 40
0
 40
0
 40
1
 40
1
 40
1
 40
1
 10
1274.308907
 20
469.947947
 30
0.0
 10
1274.993813
 20
470.215307
 30
0.0
 10
1275.736213
 20
470.994709
 30
0.0
 10
1276.460480
 20
471.121525
 30
0.0
  0
SPLINE
  5
105
100
AcDbEntity
  8
See_unten
 62
4
100
AcDbSpline
 70
8
 71
3
 72
8
 73
4
 74
0
 40
0
 40
0
 40
0
 40
0
 40
1
 40
1
 40
1
 40
1
 10
1276.460480
 20
471.121525
 30
0.0
 10
1277.220693
 20
471.254645
 30
0.0
 10
1278.454080
 20
471.272651
 30
0.0
 10
1279.003200
 20
470.730336
 30
0.0
  0
SPLINE
  5
106
100
AcDbEntity
  8
See_unten
 62
4
100
AcDbSpline
 70
8
 71
3
 72
8
 73
4
 74
0
 40
0
 40
0
 40
0
 40
0
 40
1
 40
1
 40
1
 40
1
 10
1279.003200
 20
470.730336
 30
0.0
 10
1279.257173
 20
470.479531
 30
0.0
 10
1279.115520
 20
469.903840
 30
0.0
 10
1279.198827
 20
469.556757
 30
0.0
  0
SPLINE
  5
107
100
AcDbEntity
  8
See_unten
 62
4
100
AcDbSpline
 70
8
 71
3
 72
8
 73
4
 74
0
 40
0
 40
0
 40
0
 40
0
 40
1
 40
1
 40
1
 40
1
 10
1279.198827
 20
469.556757
 30
0.0
 10
1279.471680
 20
468.419872
 30
0.0
 10
1280.260907
 20
467.004267
 30
0.0
 10
1280.372373
 20
465.840427
 30
0.0
  0
SPLINE
  5
108
100
AcDbEntity
  8
See_unten
 62
4
100
AcDbSpline
 70
8
 71
3
 72
8
 73
4
 74
0
 40
0
 40
0
 40
0
 40
0
 40
1
 40
1
 40
1
 40
1
 10
1280.372373
 20
465.840427
 30
0.0
 10
1280.518827
 20
464.311659
 30
0.0
 10
1280.110933
 20
462.255851
 30
0.0
 10
1279.785600
 20
460.754933
 30
0.0
  0
SPLINE
  5
109
100
AcDbEntity
  8
See_unten
 62
4
100
AcDbSpline
 70
8
 71
3
 72
8
 73
4
 74
0
 40
0
 40
0
 40
0
 40
0
 40
1
 40
1
 40
1
 40
1
 10
1279.785600
 20
460.754933
 30
0.0
 10
1279.380693
 20
458.886965
 30
0.0
 10
1278.668160
 20
456.409067
 30
0.0
 10
1277.829653
 20
454.691445
 30
0.0
  0
SPLINE
  5
10a
100
AcDbEntity
  8
See_unten
 62
4
100
AcDbSpline
 70
8
 71
3
 72
8
 73
4
 74
0
 40
0
 40
0
 40
0
 40
0
 40
1
 40
1
 40
1
 40
1
 10
1277.829653
 20
454.691445
 30
0.0
 10
1276.958613
 20
452.907115
 30
0.0
 10
1275.213120
 20
450.867904
 30
0.0
 10
1274.113280
 20
449.214763
 30
0.0
  0
SPLINE
  5
10b
100
AcDbEntity
  8
See_unten
 62
4
100
AcDbSpline
 70
8
 71
3
 72
8
 73
4
 74
0
 40
0
 40
0
 40
0
 40
0
 40
1
 40
1
 40
1
 40
1
 10
1274.113280
 20
449.214763
 30
0.0
 10
1273.220800
 20
447.873259
 30
0.0
 10
1272.052053
 20
446.070549
 30
0.0
 10
1271.179413
 20
444.716043
 30
0.0
  0
SPLINE
  5
10c
100
AcDbEntity
  8
See_unten
 62
4
100
AcDbSpline
 70
8
 71
3
 72
8
 73
4
 74
0
 40
0
 40
0
 40
0
 40
0
 40
1
 40
1
 40
1
 40
1
 10
1271.179413
 20
444.716043
 30
0.0
 10
1270.350720
 20
443.429717
 30
0.0
 10
1269.254507
 20
441.708939
 30
0.0
 10
1268.441067
 20
440.412928
 30
0.0
  0
SPLINE
  5
10d
100
AcDbEntity
  8
See_unten
 62
4
100
AcDbSpline
 70
8
 71
3
 72
8
 73
4
 74
0
 40
0
 40
0
 40
0
 40
0
 40
1
 40
1
 40
1
 40
1
 10
1268.441067
 20
440.412928
 30
0.0
 10
1267.670613
 20
439.185429
 30
0.0
 10
1266.876373
 20
437.374869
 30
0.0
 10
1265.898240
 20
436.305408
 30
0.0
  0
SPLINE
  5
10e
100
AcDbEntity
  8
See_unten
 62
4
100
AcDbSpline
 70
8
 71
3
 72
8
 73
4
 74
0
 40
0
 40
0
 40
0
 40
0
 40
1
 40
1
 40
1
 40
1
 10
1265.898240
 20
436.305408
 30
0.0
 10
1265.304213
 20
435.655904
 30
0.0
 10
1263.972587
 20
435.317760
 30
0.0
 10
1263.551147
 20
434.545045
 30
0.0
  0
SPLINE
  5
10f
100
AcDbEntity
  8
See_unten
 62
4
100
AcDbSpline
 70
8
 71
3
 72
8
 73
4
 74
0
 40
0
 40
0
 40
0
 40
0
 40
1
 40
1
 40
1
 40
1
 10
1263.551147
 20
434.545045
 30
0.0
 10
1263.156800
 20
433.821995
 30
0.0
 10
1263.490347
 20
432.619200
 30
0.0
 10
1263.355520
 20
431.806699
 30
0.0
  0
SPLINE
  5
110
100
AcDbEntity
  8
See_unten
 62
4
100
AcDbSpline
 70
8
 71
3
 72
8
 73
4
 74
0
 40
0
 40
0
 40
0
 40
0
 40
1
 40
1
 40
1
 40
1
 10
1263.355520
 20
431.806699
 30
0.0
 10
1263.166933
 20
430.669376
 30
0.0
 10
1262.689920
 20
429.200107
 30
0.0
 10
1262.377493
 20
428.090379
 30
0.0
  0
SPLINE
  5
111
100
AcDbEntity
  8
See_unten
 62
4
100
AcDbSpline
 70
8
 71
3
 72
8
 73
4
 74
0
 40
0
 40
0
 40
0
 40
0
 40
1
 40
1
 40
1
 40
1
 10
1262.377493
 20
428.090379
 30
0.0
 10
1262.045547
 20
426.910965
 30
0.0
 10
1261.272213
 20
425.401792
 30
0.0
 10
1261.203947
 20
424.178453
 30
0.0
  0
SPLINE
  5
112
100
AcDbEntity
  8
See_unten
 62
4
100
AcDbSpline
 70
8
 71
3
 72
8
 73
4
 74
0
 40
0
 40
0
 40
0
 40
0
 40
1
 40
1
 40
1
 40
1
 10
1261.203947
 20
424.178453
 30
0.0
 10
1261.167680
 20
423.523424
 30
0.0
 10
1261.190080
 20
422.542656
 30
0.0
 10
1261.595200
 20
422.026891
 30
0.0
  0
SPLINE
  5
113
100
AcDbEntity
  8
See_unten
 62
4
100
AcDbSpline
 70
8
 71
3
 72
8
 73
4
 74
0
 40
0
 40
0
 40
0
 40
0
 40
1
 40
1
 40
1
 40
1
 10
1261.595200
 20
422.026891
 30
0.0
 10
1261.952320
 20
421.572565
 30
0.0
 10
1262.919253
 20
421.623488
 30
0.0
 10
1263.355520
 20
421.244512
 30
0.0
  0
SPLINE
  5
114
100
AcDbEntity
  8
See_unten
 62
4
100
AcDbSpline
 70
8
 71
3
 72
8
 73
4
 74
0
 40
0
 40
0
 40
0
 40
0
 40
1
 40
1
 40
1
 40
1
 10
1263.355520
 20
421.244512
 30
0.0
 10
1263.773440
 20
420.881493
 30
0.0
 10
1264.577493
 20
420.176704
 30
0.0
 10
1264.333547
 20
419.679744
 30
0.0
  0
SPLINE
  5
115
100
AcDbEntity
  8
See_unten
 62
4
100
AcDbSpline
 70
8
 71
3
 72
8
 73
4
 74
0
 40
0
 40
0
 40
0
 40
0
 40
1
 40
1
 40
1
 40
1
 10
1264.333547
 20
419.679744
 30
0.0
 10
1264.073707
 20
419.150325
 30
0.0
 10
1262.966507
 20
419.513515
 30
0.0
 10
1262.377493
 20
419.484139
 30
0.0
  0
SPLINE
  5
116
100
AcDbEntity
  8
See_unten
 62
4
100
AcDbSpline
 70
8
 71
3
 72
8
 73
4
 74
0
 40
0
 40
0
 40
0
 40
0
 40
1
 40
1
 40
1
 40
1
 10
1262.377493
 20
419.484139
 30
0.0
 10
1261.908693
 20
419.460779
 30
0.0
 10
1261.144747
 20
419.816064
 30
0.0
 10
1260.812800
 20
419.484139
 30
0.0
  0
SPLINE
  5
117
100
AcDbEntity
  8
See_unten
 62
4
100
AcDbSpline
 70
8
 71
3
 72
8
 73
4
 74
0
 40
0
 40
0
 40
0
 40
0
 40
1
 40
1
 40
1
 40
1
 10
1260.812800
 20
419.484139
 30
0.0
 10
1260.107413
 20
418.778773
 30
0.0
 10
1260.583573
 20
417.129867
 30
0.0
 10
1260.812800
 20
416.159008
 30
0.0
  0
SPLINE
  5
118
100
AcDbEntity
  8
See_unten
 62
4
100
AcDbSpline
 70
8
 71
3
 72
8
 73
4
 74
0
 40
0
 40
0
 40
0
 40
0
 40
1
 40
1
 40
1
 40
1
 10
1260.812800
 20
416.159008
 30
0.0
 10
1261.114240
 20
414.882005
 30
0.0
 10
1261.764587
 20
413.091659
 30
0.0
 10
1262.768747
 20
412.247083
 30
0.0
  0
SPLINE
  5
119
100
AcDbEntity
  8
See_unten
 62
4
100
AcDbSpline
 70
8
 71
3
 72
8
 73
4
 74
0
 40
0
 40
0
 40
0
 40
0
 40
1
 40
1
 40
1
 40
1
 10
1262.768747
 20
412.247083
 30
0.0
 10
1263.237547
 20
411.852747
 30
0.0
 10
1264.128000
 20
411.521557
 30
0.0
 10
1264.724693
 20
411.660299
 30
0.0
  0
SPLINE
  5
11a
100
AcDbEntity
  8
See_unten
 62
4
100
AcDbSpline
 70
8
 71
3
 72
8
 73
4
 74
0
 40
0
 40
0
 40
0
 40
0
 40
1
 40
1
 40
1
 40
1
 10
1264.724693
 20
411.660299
 30
0.0
 10
1265.816640
 20
411.914197
 30
0.0
 10
1266.396160
 20
413.858912
 30
0.0
 10
1267.463040
 20
414.203051
 30
0.0
  0
SPLINE
  5
11b
100
AcDbEntity
  8
See_unten
 62
4
100
AcDbSpline
 70
8
 71
3
 72
8
 73
4
 74
0
 40
0
 40
0
 40
0
 40
0
 40
1
 40
1
 40
1
 40
1
 10
1267.463040
 20
414.203051
 30
0.0
 10
1267.913280
 20
414.348277
 30
0.0
 10
1268.612693
 20
414.234304
 30
0.0
 10
1269.027840
 20
414.007456
 30
0.0
  0
SPLINE
  5
11c
100
AcDbEntity
  8
See_unten
 62
4
100
AcDbSpline
 70
8
 71
3
 72
8
 73
4
 74
0
 40
0
 40
0
 40
0
 40
0
 40
1
 40
1
 40
1
 40
1
 10
1269.027840
 20
414.007456
 30
0.0
 10
1269.832107
 20
413.567851
 30
0.0
 10
1270.388587
 20
412.357323
 30
0.0
 10
1270.983787
 20
411.660299
 30
0.0
  0
SPLINE
  5
11d
100
AcDbEntity
  8
See_unten
 62
4
100
AcDbSpline
 70
8
 71
3
 72
8
 73
4
 74
0
 40
0
 40
0
 40
0
 40
0
 40
1
 40
1
 40
1
 40
1
 10
1270.983787
 20
411.660299
 30
0.0
 10
1271.793920
 20
410.711605
 30
0.0
 10
1273.283307
 20
409.698581
 30
0.0
 10
1273.722133
 20
408.530763
 30
0.0
  0
SPLINE
  5
11e
100
AcDbEntity
  8
See_unten
 62
4
100
AcDbSpline
 70
8
 71
3
 72
8
 73
4
 74
0
 40
0
 40
0
 40
0
 40
0
 40
1
 40
1
 40
1
 40
1
 10
1273.722133
 20
408.530763
 30
0.0
 10
1273.949120
 20
407.926539
 30
0.0
 10
1273.801067
 20
407.019829
 30
0.0
 10
1273.722133
 20
406.379200
 30
0.0
  0
SPLINE
  5
11f
100
AcDbEntity
  8
See_unten
 62
4
100
AcDbSpline
 70
8
 71
3
 72
8
 73
4
 74
0
 40
0
 40
0
 40
0
 40
0
 40
1
 40
1
 40
1
 40
1
 10
1273.722133
 20
406.379200
 30
0.0
 10
1273.633600
 20
405.658816
 30
0.0
 10
1273.722987
 20
404.458048
 30
0.0
 10
1273.135360
 20
404.032043
 30
0.0
  0
SPLINE
  5
120
100
AcDbEntity
  8
See_unten
 62
4
100
AcDbSpline
 70
8
 71
3
 72
8
 73
4
 74
0
 40
0
 40
0
 40
0
 40
0
 40
1
 40
1
 40
1
 40
1
 10
1273.135360
 20
404.032043
 30
0.0
 10
1272.468587
 20
403.548651
 30
0.0
 10
1271.174293
 20
403.955456
 30
0.0
 10
1270.397013
 20
404.227648
 30
0.0
  0
SPLINE
  5
121
100
AcDbEntity
  8
See_unten
 62
4
100
AcDbSpline
 70
8
 71
3
 72
8
 73
4
 74
0
 40
0
 40
0
 40
0
 40
0
 40
1
 40
1
 40
1
 40
1
 10
1270.397013
 20
404.227648
 30
0.0
 10
1269.321707
 20
404.604160
 30
0.0
 10
1268.355520
 20
406.041259
 30
0.0
 10
1267.267413
 20
406.379200
 30
0.0
  0
SPLINE
  5
122
100
AcDbEntity
  8
See_unten
 62
4
100
AcDbSpline
 70
8
 71
3
 72
8
 73
4
 74
0
 40
0
 40
0
 40
0
 40
0
 40
1
 40
1
 40
1
 40
1
 10
1267.267413
 20
406.379200
 30
0.0
 10
1266.482880
 20
406.622869
 30
0.0
 10
1265.349333
 20
406.333760
 30
0.0
 10
1264.529067
 20
406.379200
 30
0.0
  0
SPLINE
  5
123
100
AcDbEntity
  8
See_unten
 62
4
100
AcDbSpline
 70
8
 71
3
 72
8
 73
4
 74
0
 40
0
 40
0
 40
0
 40
0
 40
1
 40
1
 40
1
 40
1
 10
1264.529067
 20
406.379200
 30
0.0
 10
1263.468053
 20
406.437973
 30
0.0
 10
1261.857387
 20
406.131136
 30
0.0
 10
1261.008427
 20
406.770389
 30
0.0
  0
SPLINE
  5
124
100
AcDbEntity
  8
See_unten
 62
4
100
AcDbSpline
 70
8
 71
3
 72
8
 73
4
 74
0
 40
0
 40
0
 40
0
 40
0
 40
1
 40
1
 40
1
 40
1
 10
1261.008427
 20
406.770389
 30
0.0
 10
1260.146667
 20
407.419328
 30
0.0
 10
1259.881493
 20
409.044288
 30
0.0
 10
1259.639253
 20
410.095531
 30
0.0
  0
SPLINE
  5
125
100
AcDbEntity
  8
See_unten
 62
4
100
AcDbSpline
 70
8
 71
3
 72
8
 73
4
 74
0
 40
0
 40
0
 40
0
 40
0
 40
1
 40
1
 40
1
 40
1
 10
1259.639253
 20
410.095531
 30
0.0
 10
1259.427947
 20
411.012192
 30
0.0
 10
1259.688320
 20
412.316725
 30
0.0
 10
1259.443627
 20
413.225067
 30
0.0
  0
SPLINE
  5
126
100
AcDbEntity
  8
See_unten
 62
4
100
AcDbSpline
 70
8
 71
3
 72
8
 73
4
 74
0
 40
0
 40
0
 40
0
 40
0
 40
1
 40
1
 40
1
 40
1
 10
1259.443627
 20
413.225067
 30
0.0
 10
1259.170667
 20
414.238645
 30
0.0
 10
1258.328960
 20
415.406357
 30
0.0
 10
1257.878827
 20
416.354603
 30
0.0
  0
SPLINE
  5
127
100
AcDbEntity
  8
See_unten
 62
4
100
AcDbSpline
 70
8
 71
3
 72
8
 73
4
 74
0
 40
0
 40
0
 40
0
 40
0
 40
1
 40
1
 40
1
 40
1
 10
1257.878827
 20
416.354603
 30
0.0
 10
1257.326933
 20
417.517163
 30
0.0
 10
1257.009707
 20
419.338176
 30
0.0
 10
1256.118507
 20
420.266528
 30
0.0
  0
SPLINE
  5
128
100
AcDbEntity
  8
See_unten
 62
4
100
AcDbSpline
 70
8
 71
3
 72
8
 73
4
 74
0
 40
0
 40
0
 40
0
 40
0
 40
1
 40
1
 40
1
 40
1
 10
1256.118507
 20
420.266528
 30
0.0
 10
1255.845867
 20
420.550496
 30
0.0
 10
1255.279680
 20
421.060267
 30
0.0
 10
1254.944853
 20
420.853312
 30
0.0
  0
SPLINE
  5
129
100
AcDbEntity
  8
See_unten
 62
4
100
AcDbSpline
 70
8
 71
3
 72
8
 73
4
 74
0
 40
0
 40
0
 40
0
 40
0
 40
1
 40
1
 40
1
 40
1
 10
1254.944853
 20
420.853312
 30
0.0
 10
1254.345920
 20
420.483115
 30
0.0
 10
1254.808213
 20
419.196928
 30
0.0
 10
1254.944853
 20
418.506165
 30
0.0
  0
SPLINE
  5
12a
100
AcDbEntity
  8
See_unten
 62
4
100
AcDbSpline
 70
8
 71
3
 72
8
 73
4
 74
0
 40
0
 40
0
 40
0
 40
0
 40
1
 40
1
 40
1
 40
1
 10
1254.944853
 20
418.506165
 30
0.0
 10
1255.154240
 20
417.447872
 30
0.0
 10
1256.104640
 20
416.239317
 30
0.0
 10
1256.314027
 20
415.181024
 30
0.0
  0
SPLINE
  5
12b
100
AcDbEntity
  8
See_unten
 62
4
100
AcDbSpline
 70
8
 71
3
 72
8
 73
4
 74
0
 40
0
 40
0
 40
0
 40
0
 40
1
 40
1
 40
1
 40
1
 10
1256.314027
 20
415.181024
 30
0.0
 10
1256.416427
 20
414.662955
 30
0.0
 10
1256.687467
 20
413.794091
 30
0.0
 10
1256.314027
 20
413.420661
 30
0.0
  0
SPLINE
  5
12c
100
AcDbEntity
  8
See_unten
 62
4
100
AcDbSpline
 70
8
 71
3
 72
8
 73
4
 74
0
 40
0
 40
0
 40
0
 40
0
 40
1
 40
1
 40
1
 40
1
 10
1256.314027
 20
413.420661
 30
0.0
 10
1255.899093
 20
413.005739
 30
0.0
 10
1254.886933
 20
413.166464
 30
0.0
 10
1254.358080
 20
413.420661
 30
0.0
  0
SPLINE
  5
12d
100
AcDbEntity
  8
See_unten
 62
4
100
AcDbSpline
 70
8
 71
3
 72
8
 73
4
 74
0
 40
0
 40
0
 40
0
 40
0
 40
1
 40
1
 40
1
 40
1
 10
1254.358080
 20
413.420661
 30
0.0
 10
1253.680853
 20
413.746187
 30
0.0
 10
1253.053120
 20
414.671520
 30
0.0
 10
1252.793387
 20
415.376629
 30
0.0
  0
SPLINE
  5
12e
100
AcDbEntity
  8
See_unten
 62
4
100
AcDbSpline
 70
8
 71
3
 72
8
 73
4
 74
0
 40
0
 40
0
 40
0
 40
0
 40
1
 40
1
 40
1
 40
1
 10
1252.793387
 20
415.376629
 30
0.0
 10
1252.144000
 20
417.139445
 30
0.0
 10
1252.406187
 20
419.766859
 30
0.0
 10
1252.597760
 20
421.635701
 30
0.0
  0
SPLINE
  5
12f
100
AcDbEntity
  8
See_unten
 62
4
100
AcDbSpline
 70
8
 71
3
 72
8
 73
4
 74
0
 40
0
 40
0
 40
0
 40
0
 40
1
 40
1
 40
1
 40
1
 10
1252.597760
 20
421.635701
 30
0.0
 10
1252.751573
 20
423.136459
 30
0.0
 10
1253.497280
 20
425.042059
 30
0.0
 10
1253.771307
 20
426.525600
 30
0.0
  0
SPLINE
  5
130
100
AcDbEntity
  8
See_unten
 62
4
100
AcDbSpline
 70
8
 71
3
 72
8
 73
4
 74
0
 40
0
 40
0
 40
0
 40
0
 40
1
 40
1
 40
1
 40
1
 10
1253.771307
 20
426.525600
 30
0.0
 10
1254.018453
 20
427.864011
 30
0.0
 10
1254.232213
 20
429.669099
 30
0.0
 10
1254.358080
 20
431.024320
 30
0.0
  0
SPLINE
  5
131
100
AcDbEntity
  8
See_unten
 62
4
100
AcDbSpline
 70
8
 71
3
 72
8
 73
4
 74
0
 40
0
 40
0
 40
0
 40
0
 40
1
 40
1
 40
1
 40
1
 10
1254.358080
 20
431.024320
 30
0.0
 10
1254.456213
 20
432.077632
 30
0.0
 10
1254.341013
 20
433.508736
 30
0.0
 10
1254.553707
 20
434.545045
 30
0.0
  0
SPLINE
  5
132
100
AcDbEntity
  8
See_unten
 62
4
100
AcDbSpline
 70
8
 71
3
 72
8
 73
4
 74
0
 40
0
 40
0
 40
0
 40
0
 40
1
 40
1
 40
1
 40
1
 10
1254.553707
 20
434.545045
 30
0.0
 10
1254.691627
 20
435.217877
 30
0.0
 10
1255.536853
 20
436.039776
 30
0.0
 10
1255.336107
 20
436.696608
 30
0.0
  0
SPLINE
  5
133
100
AcDbEntity
  8
See_unten
 62
4
100
AcDbSpline
 70
8
 71
3
 72
8
 73
4
 74
0
 40
0
 40
0
 40
0
 40
0
 40
1
 40
1
 40
1
 40
1
 10
1255.336107
 20
436.696608
 30
0.0
 10
1255.102827
 20
437.459883
 30
0.0
 10
1253.667840
 20
437.626187
 30
0.0
 10
1253.184533
 20
438.261376
 30
0.0
  0
SPLINE
  5
134
100
AcDbEntity
  8
See_unten
 62
4
100
AcDbSpline
 70
8
 71
3
 72
8
 73
4
 74
0
 40
0
 40
0
 40
0
 40
0
 40
1
 40
1
 40
1
 40
1
 10
1253.184533
 20
438.261376
 30
0.0
 10
1252.880960
 20
438.660373
 30
0.0
 10
1252.344427
 20
439.393493
 30
0.0
 10
1252.597760
 20
439.826144
 30
0.0
  0
SPLINE
  5
135
100
AcDbEntity
  8
See_unten
 62
4
100
AcDbSpline
 70
8
 71
3
 72
8
 73
4
 74
0
 40
0
 40
0
 40
0
 40
0
 40
1
 40
1
 40
1
 40
1
 10
1252.597760
 20
439.826144
 30
0.0
 10
1252.987733
 20
440.492171
 30
0.0
 10
1254.452053
 20
439.868491
 30
0.0
 10
1255.140480
 20
440.217333
 30
0.0
  0
SPLINE
  5
136
100
AcDbEntity
  8
See_unten
 62
4
100
AcDbSpline
 70
8
 71
3
 72
8
 73
4
 74
0
 40
0
 40
0
 40
0
 40
0
 40
1
 40
1
 40
1
 40
1
 10
1255.140480
 20
440.217333
 30
0.0
 10
1255.658667
 20
440.479904
 30
0.0
 10
1256.186453
 20
441.103851
 30
0.0
 10
1256.509653
 20
441.586507
 30
0.0
  0
SPLINE
  5
137
100
AcDbEntity
  8
See_unten
 62
4
100
AcDbSpline
 70
8
 71
3
 72
8
 73
4
 74
0
 40
0
 40
0
 40
0
 40
0
 40
1
 40
1
 40
1
 40
1
 10
1256.509653
 20
441.586507
 30
0.0
 10
1257.358613
 20
442.854155
 30
0.0
 10
1257.995947
 20
444.829269
 30
0.0
 10
1258.465600
 20
446.280821
 30
0.0
  0
SPLINE
  5
138
100
AcDbEntity
  8
See_unten
 62
4
100
AcDbSpline
 70
8
 71
3
 72
8
 73
4
 74
0
 40
0
 40
0
 40
0
 40
0
 40
1
 40
1
 40
1
 40
1
 10
1258.465600
 20
446.280821
 30
0.0
 10
1258.781120
 20
447.255829
 30
0.0
 10
1259.186347
 20
448.583029
 30
0.0
 10
1259.248000
 20
449.605952
 30
0.0
  0
SPLINE
  5
139
100
AcDbEntity
  8
See_unten
 62
4
100
AcDbSpline
 70
8
 71
3
 72
8
 73
4
 74
0
 40
0
 40
0
 40
0
 40
0
 40
1
 40
1
 40
1
 40
1
 10
1259.248000
 20
449.605952
 30
0.0
 10
1259.312000
 20
450.666741
 30
0.0
 10
1258.891520
 20
452.064523
 30
0.0
 10
1258.856853
 20
453.126677
 30
0.0
  0
SPLINE
  5
13a
100
AcDbEntity
  8
See_unten
 62
4
100
AcDbSpline
 70
8
 71
3
 72
8
 73
4
 74
0
 40
0
 40
0
 40
0
 40
0
 40
1
 40
1
 40
1
 40
1
 10
1258.856853
 20
453.126677
 30
0.0
 10
1258.814187
 20
454.418261
 30
0.0
 10
1258.649920
 20
456.201803
 30
0.0
 10
1259.052373
 20
457.429792
 30
0.0
  0
SPLINE
  5
13b
100
AcDbEntity
  8
See_unten
 62
4
100
AcDbSpline
 70
8
 71
3
 72
8
 73
4
 74
0
 40
0
 40
0
 40
0
 40
0
 40
1
 40
1
 40
1
 40
1
 10
1259.052373
 20
457.429792
 30
0.0
 10
1259.381867
 20
458.435040
 30
0.0
 10
1260.560640
 20
459.405301
 30
0.0
 10
1261.008427
 20
460.363744
 30
0.0
  0
SPLINE
  5
13c
100
AcDbEntity
  8
See_unten
 62
4
100
AcDbSpline
 70
8
 71
3
 72
8
 73
4
 74
0
 40
0
 40
0
 40
0
 40
0
 40
1
 40
1
 40
1
 40
1
 10
1261.008427
 20
460.363744
 30
0.0
 10
1261.448533
 20
461.305803
 30
0.0
 10
1261.552747
 20
462.743819
 30
0.0
 10
1261.986347
 20
463.688875
 30
0.0
  0
SPLINE
  5
13d
100
AcDbEntity
  8
See_unten
 62
4
100
AcDbSpline
 70
8
 71
3
 72
8
 73
4
 74
0
 40
0
 40
0
 40
0
 40
0
 40
1
 40
1
 40
1
 40
1
 10
1261.986347
 20
463.688875
 30
0.0
 10
1262.481813
 20
464.768789
 30
0.0
 10
1263.269973
 20
466.202549
 30
0.0
 10
1264.137920
 20
467.014005
 30
0.0
  0
SPLINE
  5
13e
100
AcDbEntity
  8
See_unten
 62
4
100
AcDbSpline
 70
8
 71
3
 72
8
 73
4
 74
0
 40
0
 40
0
 40
0
 40
0
 40
1
 40
1
 40
1
 40
1
 10
1264.137920
 20
467.014005
 30
0.0
 10
1264.579200
 20
467.426592
 30
0.0
 10
1265.329387
 20
467.788544
 30
0.0
 10
1265.898240
 20
467.991989
 30
0.0
  0
SPLINE
  5
13f
100
AcDbEntity
  8
See_unten
 62
4
100
AcDbSpline
 70
8
 71
3
 72
8
 73
4
 74
0
 40
0
 40
0
 40
0
 40
0
 40
1
 40
1
 40
1
 40
1
 10
1265.898240
 20
467.991989
 30
0.0
 10
1266.515947
 20
468.212928
 30
0.0
 10
1267.408533
 20
468.244864
 30
0.0
 10
1268.049813
 20
468.383179
 30
0.0
  0
LWPOLYLINE
  5
140
100
AcDbEntity
  8
Landesfläche
 62
7
100
AcDbPolyline
 90
2029
 70
0
 10
913.222976
 20
644.586101
 30
0.0
 10
911.156309
 20
640.719435
 30
0.0
 10
911.222976
 20
639.752768
 30
0.0
 10
910.289643
 20
638.786101
 30
0.0
 10
908.756309
 20
639.019435
 30
0.0
 10
907.422976
 20
638.886101
 30
0.0
 10
903.656309
 20
638.486101
 30
0.0
 10
902.189643
 20
642.852768
 30
0.0
 10
901.822976
 20
643.919435
 30
0.0
 10
900.889643
 20
645.186101
 30
0.0
 10
899.989643
 20
645.219435
 30
0.0
 10
898.389643
 20
644.152768
 30
0.0
 10
897.589643
 20
644.052768
 30
0.0
 10
897.022976
 20
643.952768
 30
0.0
 10
895.489643
 20
649.086101
 30
0.0
 10
895.456363
 20
649.286101
 30
0.0
 10
893.723029
 20
650.286101
 30
0.0
 10
891.556363
 20
648.019435
 30
0.0
 10
886.956363
 20
645.319435
 30
0.0
 10
886.023029
 20
644.119435
 30
0.0
 10
885.123029
 20
644.586101
 30
0.0
 10
884.923029
 20
644.719435
 30
0.0
 10
883.256363
 20
646.352768
 30
0.0
 10
882.723029
 20
646.886101
 30
0.0
 10
880.023029
 20
646.819435
 30
0.0
 10
879.389696
 20
647.452768
 30
0.0
 10
878.923029
 20
647.952768
 30
0.0
 10
877.923029
 20
648.152768
 30
0.0
 10
876.223029
 20
647.486101
 30
0.0
 10
876.189749
 20
647.452768
 30
0.0
 10
874.756416
 20
649.152768
 30
0.0
 10
874.723136
 20
650.586101
 30
0.0
 10
874.389803
 20
650.952768
 30
0.0
 10
873.989803
 20
651.419434
 30
0.0
 10
872.756469
 20
651.819434
 30
0.0
 10
872.589803
 20
651.852768
 30
0.0
 10
870.323136
 20
655.052768
 30
0.0
 10
867.189803
 20
654.552768
 30
0.0
 10
866.589803
 20
654.452768
 30
0.0
 10
866.123136
 20
654.086101
 30
0.0
 10
865.756469
 20
653.286101
 30
0.0
 10
867.689803
 20
650.419434
 30
0.0
 10
867.556469
 20
648.886101
 30
0.0
 10
865.189803
 20
643.419435
 30
0.0
 10
863.423136
 20
641.652768
 30
0.0
 10
861.789803
 20
640.386101
 30
0.0
 10
860.923136
 20
640.952768
 30
0.0
 10
860.789803
 20
641.019435
 30
0.0
 10
856.356469
 20
641.252768
 30
0.0
 10
855.456469
 20
640.152768
 30
0.0
 10
855.489749
 20
639.219435
 30
0.0
 10
857.023083
 20
636.319435
 30
0.0
 10
856.123083
 20
634.986101
 30
0.0
 10
854.256416
 20
633.786101
 30
0.0
 10
853.489749
 20
635.552768
 30
0.0
 10
852.756416
 20
635.752768
 30
0.0
 10
851.089749
 20
634.752768
 30
0.0
 10
848.623083
 20
630.352768
 30
0.0
 10
846.356416
 20
627.786101
 30
0.0
 10
844.723083
 20
627.586101
 30
0.0
 10
843.823083
 20
631.086101
 30
0.0
 10
843.656416
 20
631.686101
 30
0.0
 10
841.223083
 20
632.219435
 30
0.0
 10
840.589749
 20
632.752768
 30
0.0
 10
838.489749
 20
635.519435
 30
0.0
 10
837.156416
 20
636.486101
 30
0.0
 10
835.623083
 20
638.352768
 30
0.0
 10
833.556416
 20
638.386101
 30
0.0
 10
831.689749
 20
637.452768
 30
0.0
 10
830.823083
 20
637.586101
 30
0.0
 10
828.723083
 20
639.286101
 30
0.0
 10
826.923083
 20
639.586101
 30
0.0
 10
823.189749
 20
641.019435
 30
0.0
 10
820.689749
 20
641.352768
 30
0.0
 10
819.889749
 20
640.952768
 30
0.0
 10
818.089749
 20
641.019435
 30
0.0
 10
816.023083
 20
641.786101
 30
0.0
 10
815.923136
 20
641.819435
 30
0.0
 10
813.956469
 20
641.652768
 30
0.0
 10
811.623136
 20
642.119435
 30
0.0
 10
808.656469
 20
640.319435
 30
0.0
 10
806.089803
 20
640.852768
 30
0.0
 10
806.056523
 20
642.852768
 30
0.0
 10
801.123189
 20
642.752768
 30
0.0
 10
800.823189
 20
645.052768
 30
0.0
 10
799.689856
 20
644.386101
 30
0.0
 10
798.689856
 20
644.552768
 30
0.0
 10
796.723189
 20
646.919435
 30
0.0
 10
797.856523
 20
649.286101
 30
0.0
 10
797.689856
 20
650.019434
 30
0.0
 10
796.956523
 20
650.752768
 30
0.0
 10
795.689856
 20
650.219434
 30
0.0
 10
794.589856
 20
650.452768
 30
0.0
 10
794.356523
 20
650.686101
 30
0.0
 10
792.223189
 20
652.752768
 30
0.0
 10
791.989856
 20
653.486101
 30
0.0
 10
794.389856
 20
656.619434
 30
0.0
 10
795.923189
 20
657.186101
 30
0.0
 10
798.323189
 20
656.752768
 30
0.0
 10
799.556523
 20
657.986101
 30
0.0
 10
799.756523
 20
659.986101
 30
0.0
 10
799.023189
 20
662.019434
 30
0.0
 10
798.489856
 20
662.619434
 30
0.0
 10
795.856523
 20
662.986101
 30
0.0
 10
794.356523
 20
664.319434
 30
0.0
 10
793.889856
 20
665.486101
 30
0.0
 10
791.456523
 20
668.386101
 30
0.0
 10
791.023189
 20
670.119435
 30
0.0
 10
790.989909
 20
670.319435
 30
0.0
 10
789.789909
 20
671.019435
 30
0.0
 10
788.923243
 20
671.152768
 30
0.0
 10
787.123243
 20
671.452768
 30
0.0
 10
786.323243
 20
671.186101
 30
0.0
 10
786.289963
 20
671.186101
 30
0.0
 10
782.456629
 20
672.186101
 30
0.0
 10
782.323296
 20
672.219435
 30
0.0
 10
781.923296
 20
673.252768
 30
0.0
 10
781.689963
 20
673.819435
 30
0.0
 10
779.089963
 20
674.552768
 30
0.0
 10
778.456629
 20
675.852768
 30
0.0
 10
771.289963
 20
683.686101
 30
0.0
 10
767.389963
 20
686.219435
 30
0.0
 10
765.556629
 20
686.919435
 30
0.0
 10
762.923296
 20
687.052768
 30
0.0
 10
761.923296
 20
685.119435
 30
0.0
 10
759.423296
 20
682.586101
 30
0.0
 10
759.456576
 20
680.619435
 30
0.0
 10
758.956576
 20
678.452768
 30
0.0
 10
759.256576
 20
676.886101
 30
0.0
 10
756.989909
 20
675.419435
 30
0.0
 10
755.356576
 20
672.519435
 30
0.0
 10
757.956576
 20
671.219435
 30
0.0
 10
758.056523
 20
669.886101
 30
0.0
 10
758.989856
 20
668.386101
 30
0.0
 10
758.956576
 20
668.286101
 30
0.0
 10
758.223243
 20
666.086101
 30
0.0
 10
758.023243
 20
663.919434
 30
0.0
 10
758.823243
 20
661.186101
 30
0.0
 10
758.956576
 20
658.986101
 30
0.0
 10
758.423243
 20
655.919434
 30
0.0
 10
759.823243
 20
654.352768
 30
0.0
 10
760.323243
 20
652.119434
 30
0.0
 10
759.489909
 20
650.886101
 30
0.0
 10
759.323243
 20
647.252768
 30
0.0
 10
758.423243
 20
645.452768
 30
0.0
 10
756.723243
 20
644.319435
 30
0.0
 10
756.056576
 20
643.419435
 30
0.0
 10
755.956629
 20
643.319435
 30
0.0
 10
755.989909
 20
641.786101
 30
0.0
 10
756.523243
 20
640.886101
 30
0.0
 10
756.823243
 20
640.419435
 30
0.0
 10
756.656576
 20
637.286101
 30
0.0
 10
755.189909
 20
635.886101
 30
0.0
 10
752.623243
 20
634.852768
 30
0.0
 10
750.123243
 20
631.219435
 30
0.0
 10
749.156576
 20
631.552768
 30
0.0
 10
748.523243
 20
633.519435
 30
0.0
 10
747.823243
 20
633.919435
 30
0.0
 10
747.323243
 20
633.552768
 30
0.0
 10
747.056576
 20
632.586101
 30
0.0
 10
747.289909
 20
630.552768
 30
0.0
 10
746.156576
 20
628.886101
 30
0.0
 10
746.723243
 20
626.719435
 30
0.0
 10
746.556576
 20
625.486101
 30
0.0
 10
743.956576
 20
623.719435
 30
0.0
 10
743.889909
 20
623.286101
 30
0.0
 10
743.589909
 20
621.786101
 30
0.0
 10
742.623243
 20
620.819435
 30
0.0
 10
740.856576
 20
620.819435
 30
0.0
 10
735.056576
 20
624.919435
 30
0.0
 10
732.723243
 20
625.619435
 30
0.0
 10
731.956576
 20
626.452768
 30
0.0
 10
730.856576
 20
629.319435
 30
0.0
 10
730.023243
 20
630.519435
 30
0.0
 10
726.256576
 20
631.186101
 30
0.0
 10
724.456576
 20
632.152768
 30
0.0
 10
722.789909
 20
633.919435
 30
0.0
 10
722.056576
 20
634.686101
 30
0.0
 10
720.323243
 20
635.219435
 30
0.0
 10
719.056576
 20
634.919435
 30
0.0
 10
718.456576
 20
633.786101
 30
0.0
 10
717.789909
 20
632.619435
 30
0.0
 10
716.756576
 20
632.452768
 30
0.0
 10
714.089909
 20
634.252768
 30
0.0
 10
711.189909
 20
637.419435
 30
0.0
 10
710.523243
 20
638.119435
 30
0.0
 10
709.289909
 20
639.486101
 30
0.0
 10
707.123243
 20
641.152768
 30
0.0
 10
704.556576
 20
640.786101
 30
0.0
 10
704.389909
 20
638.552768
 30
0.0
 10
704.323243
 20
637.819435
 30
0.0
 10
702.489909
 20
636.486101
 30
0.0
 10
701.223243
 20
636.219435
 30
0.0
 10
699.956576
 20
635.952768
 30
0.0
 10
699.623243
 20
635.786101
 30
0.0
 10
697.823243
 20
634.819435
 30
0.0
 10
697.723296
 20
634.752768
 30
0.0
 10
697.223296
 20
634.486101
 30
0.0
 10
697.023296
 20
634.386101
 30
0.0
 10
695.156629
 20
633.319435
 30
0.0
 10
693.523296
 20
632.352768
 30
0.0
 10
693.356629
 20
631.519435
 30
0.0
 10
693.223296
 20
630.786101
 30
0.0
 10
693.223296
 20
630.686101
 30
0.0
 10
693.323243
 20
630.352768
 30
0.0
 10
693.689909
 20
629.019435
 30
0.0
 10
694.889909
 20
627.619435
 30
0.0
 10
695.123243
 20
626.786101
 30
0.0
 10
695.389909
 20
625.986101
 30
0.0
 10
694.656576
 20
624.019435
 30
0.0
 10
694.823243
 20
623.686101
 30
0.0
 10
695.956576
 20
621.352768
 30
0.0
 10
696.023243
 20
621.252768
 30
0.0
 10
696.123189
 20
619.886101
 30
0.0
 10
695.556523
 20
616.986101
 30
0.0
 10
695.323189
 20
614.886101
 30
0.0
 10
694.823189
 20
614.019435
 30
0.0
 10
692.056523
 20
607.852768
 30
0.0
 10
691.923189
 20
607.386101
 30
0.0
 10
691.656523
 20
606.552768
 30
0.0
 10
691.423189
 20
605.886101
 30
0.0
 10
691.256523
 20
605.386101
 30
0.0
 10
691.523189
 20
604.919435
 30
0.0
 10
692.423189
 20
603.319435
 30
0.0
 10
692.923189
 20
602.219435
 30
0.0
 10
692.989856
 20
601.952768
 30
0.0
 10
693.523189
 20
600.386101
 30
0.0
 10
693.689856
 20
599.486101
 30
0.0
 10
691.023189
 20
593.586101
 30
0.0
 10
690.489856
 20
592.386101
 30
0.0
 10
689.256523
 20
585.319435
 30
0.0
 10
686.256523
 20
582.619435
 30
0.0
 10
680.189856
 20
578.152768
 30
0.0
 10
678.556523
 20
575.352768
 30
0.0
 10
677.423189
 20
574.152768
 30
0.0
 10
676.689856
 20
573.352768
 30
0.0
 10
674.923189
 20
571.519435
 30
0.0
 10
674.356523
 20
571.119435
 30
0.0
 10
674.256576
 20
571.052768
 30
0.0
 10
673.989909
 20
570.852768
 30
0.0
 10
671.389909
 20
568.952768
 30
0.0
 10
670.756576
 20
568.486101
 30
0.0
 10
668.656576
 20
567.286101
 30
0.0
 10
662.456576
 20
563.719435
 30
0.0
 10
661.123243
 20
563.319435
 30
0.0
 10
651.456576
 20
564.119435
 30
0.0
 10
650.823243
 20
564.152768
 30
0.0
 10
648.689909
 20
563.586101
 30
0.0
 10
647.089909
 20
563.186101
 30
0.0
 10
646.723243
 20
563.086101
 30
0.0
 10
644.223243
 20
561.619435
 30
0.0
 10
641.589909
 20
560.052768
 30
0.0
 10
639.323243
 20
559.719435
 30
0.0
 10
633.156576
 20
559.952768
 30
0.0
 10
631.823243
 20
559.186101
 30
0.0
 10
631.423243
 20
558.952768
 30
0.0
 10
629.489909
 20
557.786101
 30
0.0
 10
628.656576
 20
557.319435
 30
0.0
 10
628.089909
 20
556.986101
 30
0.0
 10
628.023243
 20
556.919435
 30
0.0
 10
624.689909
 20
555.519435
 30
0.0
 10
623.723243
 20
555.119435
 30
0.0
 10
623.423243
 20
554.819435
 30
0.0
 10
622.889909
 20
554.352768
 30
0.0
 10
621.556576
 20
554.419435
 30
0.0
 10
620.456576
 20
553.386101
 30
0.0
 10
619.823243
 20
552.719435
 30
0.0
 10
618.889909
 20
549.919435
 30
0.0
 10
616.823243
 20
547.352768
 30
0.0
 10
616.656576
 20
547.152768
 30
0.0
 10
611.623243
 20
542.852768
 30
0.0
 10
610.956576
 20
542.252768
 30
0.0
 10
608.856576
 20
541.186101
 30
0.0
 10
605.656576
 20
541.486101
 30
0.0
 10
603.123243
 20
540.986101
 30
0.0
 10
602.556576
 20
540.852768
 30
0.0
 10
599.956576
 20
540.352768
 30
0.0
 10
597.256576
 20
540.419435
 30
0.0
 10
595.256576
 20
538.919435
 30
0.0
 10
595.056576
 20
538.152768
 30
0.0
 10
594.823243
 20
537.352768
 30
0.0
 10
594.656576
 20
536.752768
 30
0.0
 10
594.356576
 20
535.619435
 30
0.0
 10
593.589909
 20
534.852768
 30
0.0
 10
592.256576
 20
533.219435
 30
0.0
 10
592.089909
 20
531.752768
 30
0.0
 10
591.523243
 20
530.719435
 30
0.0
 10
590.056576
 20
530.552768
 30
0.0
 10
589.256576
 20
528.686101
 30
0.0
 10
588.756576
 20
527.586101
 30
0.0
 10
588.556576
 20
527.152768
 30
0.0
 10
587.156576
 20
526.852768
 30
0.0
 10
586.723243
 20
526.719435
 30
0.0
 10
585.189909
 20
526.352768
 30
0.0
 10
584.956576
 20
526.319488
 30
0.0
 10
583.556576
 20
524.952821
 30
0.0
 10
583.523296
 20
524.886155
 30
0.0
 10
582.823296
 20
522.886155
 30
0.0
 10
581.489963
 20
519.119488
 30
0.0
 10
580.789963
 20
519.219435
 30
0.0
 10
579.156629
 20
520.819435
 30
0.0
 10
578.056629
 20
520.886101
 30
0.0
 10
577.356629
 20
520.919381
 30
0.0
 10
577.089963
 20
520.586048
 30
0.0
 10
576.556629
 20
519.919381
 30
0.0
 10
576.589909
 20
517.786048
 30
0.0
 10
575.223243
 20
516.252715
 30
0.0
 10
574.789909
 20
515.186048
 30
0.0
 10
576.123243
 20
509.152715
 30
0.0
 10
577.056576
 20
506.552715
 30
0.0
 10
577.989909
 20
505.586048
 30
0.0
 10
578.023189
 20
505.552768
 30
0.0
 10
578.423189
 20
505.152768
 30
0.0
 10
580.056523
 20
503.652768
 30
0.0
 10
580.289856
 20
503.452768
 30
0.0
 10
586.556523
 20
498.452768
 30
0.0
 10
587.656523
 20
496.952768
 30
0.0
 10
588.356523
 20
496.052768
 30
0.0
 10
591.456523
 20
493.719435
 30
0.0
 10
592.923189
 20
492.619435
 30
0.0
 10
593.489856
 20
492.319435
 30
0.0
 10
594.256523
 20
490.252768
 30
0.0
 10
594.523189
 20
487.752768
 30
0.0
 10
594.889856
 20
486.286101
 30
0.0
 10
595.923189
 20
482.052768
 30
0.0
 10
597.123189
 20
479.152768
 30
0.0
 10
598.256523
 20
478.019435
 30
0.0
 10
602.856523
 20
477.419435
 30
0.0
 10
604.589856
 20
476.619435
 30
0.0
 10
605.256523
 20
473.186101
 30
0.0
 10
606.323189
 20
473.052768
 30
0.0
 10
607.189856
 20
473.852768
 30
0.0
 10
607.456523
 20
474.086101
 30
0.0
 10
608.023189
 20
474.186048
 30
0.0
 10
608.323189
 20
473.586048
 30
0.0
 10
607.789856
 20
471.786048
 30
0.0
 10
607.889803
 20
470.486048
 30
0.0
 10
608.256469
 20
469.486048
 30
0.0
 10
609.689803
 20
467.652715
 30
0.0
 10
610.923136
 20
466.052715
 30
0.0
 10
612.723136
 20
462.886048
 30
0.0
 10
613.989803
 20
460.219381
 30
0.0
 10
617.556469
 20
452.852715
 30
0.0
 10
619.356469
 20
450.252715
 30
0.0
 10
619.756469
 20
449.786048
 30
0.0
 10
620.323136
 20
449.119381
 30
0.0
 10
619.989803
 20
448.419381
 30
0.0
 10
619.923136
 20
448.252715
 30
0.0
 10
618.589803
 20
445.386048
 30
0.0
 10
618.323136
 20
445.052715
 30
0.0
 10
618.056469
 20
444.686048
 30
0.0
 10
617.456469
 20
443.919381
 30
0.0
 10
616.189803
 20
442.319381
 30
0.0
 10
611.989803
 20
434.052715
 30
0.0
 10
608.889803
 20
430.552715
 30
0.0
 10
608.289803
 20
429.386048
 30
0.0
 10
608.823136
 20
427.786048
 30
0.0
 10
608.823136
 20
427.686101
 30
0.0
 10
608.656469
 20
425.086101
 30
0.0
 10
607.823136
 20
423.786101
 30
0.0
 10
602.723136
 20
419.786101
 30
0.0
 10
602.489803
 20
418.152768
 30
0.0
 10
603.789803
 20
416.952768
 30
0.0
 10
606.389803
 20
413.652768
 30
0.0
 10
606.723136
 20
413.652768
 30
0.0
 10
615.123136
 20
412.286101
 30
0.0
 10
617.023136
 20
413.452768
 30
0.0
 10
621.123136
 20
415.619435
 30
0.0
 10
622.523136
 20
415.886101
 30
0.0
 10
625.289803
 20
414.286101
 30
0.0
 10
625.856469
 20
413.652768
 30
0.0
 10
631.223136
 20
407.819435
 30
0.0
 10
632.623136
 20
402.519435
 30
0.0
 10
634.856469
 20
396.919435
 30
0.0
 10
635.323136
 20
394.152768
 30
0.0
 10
633.823136
 20
391.419435
 30
0.0
 10
631.456469
 20
389.519435
 30
0.0
 10
630.723136
 20
387.786101
 30
0.0
 10
630.723136
 20
383.819435
 30
0.0
 10
630.323136
 20
381.486101
 30
0.0
 10
629.256469
 20
380.386101
 30
0.0
 10
626.123136
 20
380.486048
 30
0.0
 10
625.456469
 20
379.019381
 30
0.0
 10
625.756469
 20
376.786048
 30
0.0
 10
628.123136
 20
376.019381
 30
0.0
 10
628.323136
 20
375.486048
 30
0.0
 10
625.156469
 20
370.952715
 30
0.0
 10
624.523136
 20
368.552715
 30
0.0
 10
625.856469
 20
365.119381
 30
0.0
 10
626.623136
 20
360.986048
 30
0.0
 10
626.323136
 20
358.352715
 30
0.0
 10
625.389803
 20
357.219381
 30
0.0
 10
623.089803
 20
356.419381
 30
0.0
 10
622.123136
 20
353.952715
 30
0.0
 10
619.989803
 20
351.952715
 30
0.0
 10
619.123136
 20
352.086048
 30
0.0
 10
615.189803
 20
355.419381
 30
0.0
 10
614.423136
 20
353.919381
 30
0.0
 10
612.623136
 20
353.986048
 30
0.0
 10
607.723136
 20
357.286048
 30
0.0
 10
603.989803
 20
359.152715
 30
0.0
 10
599.956469
 20
361.819381
 30
0.0
 10
598.156469
 20
365.586048
 30
0.0
 10
594.956469
 20
367.119381
 30
0.0
 10
593.523136
 20
368.252715
 30
0.0
 10
592.589803
 20
371.119381
 30
0.0
 10
592.889803
 20
371.119381
 30
0.0
 10
592.056469
 20
372.019381
 30
0.0
 10
588.723136
 20
371.552715
 30
0.0
 10
585.389803
 20
372.252715
 30
0.0
 10
580.923136
 20
377.352715
 30
0.0
 10
580.523136
 20
379.019381
 30
0.0
 10
580.689803
 20
380.486048
 30
0.0
 10
584.623136
 20
386.752715
 30
0.0
 10
587.656469
 20
387.586048
 30
0.0
 10
587.389803
 20
388.419381
 30
0.0
 10
583.356469
 20
392.419381
 30
0.0
 10
581.956469
 20
392.986048
 30
0.0
 10
580.023136
 20
393.752715
 30
0.0
 10
579.856469
 20
393.986048
 30
0.0
 10
578.523136
 20
396.986048
 30
0.0
 10
578.323136
 20
399.019381
 30
0.0
 10
580.389803
 20
401.686048
 30
0.0
 10
580.289856
 20
403.619381
 30
0.0
 10
580.256576
 20
403.719328
 30
0.0
 10
578.923243
 20
402.652661
 30
0.0
 10
576.389909
 20
402.119328
 30
0.0
 10
575.856576
 20
403.119328
 30
0.0
 10
575.356576
 20
404.019328
 30
0.0
 10
574.123243
 20
404.785995
 30
0.0
 10
569.889909
 20
404.819275
 30
0.0
 10
567.656576
 20
405.652608
 30
0.0
 10
567.656576
 20
405.852608
 30
0.0
 10
564.756576
 20
406.619275
 30
0.0
 10
561.456576
 20
406.885941
 30
0.0
 10
558.223243
 20
403.785941
 30
0.0
 10
558.189963
 20
403.752661
 30
0.0
 10
556.823296
 20
403.852608
 30
0.0
 10
554.523296
 20
405.052608
 30
0.0
 10
552.656629
 20
404.785941
 30
0.0
 10
549.723296
 20
403.152608
 30
0.0
 10
548.123296
 20
401.119275
 30
0.0
 10
545.856629
 20
394.919275
 30
0.0
 10
545.389963
 20
394.385941
 30
0.0
 10
545.023296
 20
393.985941
 30
0.0
 10
541.456629
 20
394.652608
 30
0.0
 10
538.423299
 20
394.585941
 30
0.0
 10
534.323299
 20
391.819275
 30
0.0
 10
534.323299
 20
391.585941
 30
0.0
 10
532.456633
 20
391.619221
 30
0.0
 10
531.423299
 20
392.652555
 30
0.0
 10
530.323299
 20
395.085888
 30
0.0
 10
528.089966
 20
397.452555
 30
0.0
 10
527.789966
 20
397.485835
 30
0.0
 10
525.423299
 20
401.252501
 30
0.0
 10
524.656633
 20
402.519168
 30
0.0
 10
522.689966
 20
405.619168
 30
0.0
 10
522.289966
 20
409.452501
 30
0.0
 10
520.323299
 20
410.352501
 30
0.0
 10
518.123299
 20
410.152501
 30
0.0
 10
513.656633
 20
408.352501
 30
0.0
 10
513.089966
 20
408.119168
 30
0.0
 10
510.823299
 20
407.385835
 30
0.0
 10
509.389966
 20
407.719168
 30
0.0
 10
507.723299
 20
409.152501
 30
0.0
 10
503.189966
 20
410.352501
 30
0.0
 10
496.323299
 20
409.085835
 30
0.0
 10
491.789966
 20
405.619168
 30
0.0
 10
490.356633
 20
405.985835
 30
0.0
 10
490.189966
 20
406.185835
 30
0.0
 10
489.323299
 20
407.085835
 30
0.0
 10
488.656633
 20
408.852501
 30
0.0
 10
488.923299
 20
412.319168
 30
0.0
 10
492.056633
 20
419.919168
 30
0.0
 10
491.223299
 20
421.819168
 30
0.0
 10
490.123299
 20
421.819168
 30
0.0
 10
488.123299
 20
420.552501
 30
0.0
 10
484.523299
 20
415.719168
 30
0.0
 10
481.923299
 20
413.819168
 30
0.0
 10
478.823299
 20
413.219168
 30
0.0
 10
477.723299
 20
412.252501
 30
0.0
 10
477.156633
 20
411.752501
 30
0.0
 10
476.556633
 20
411.252501
 30
0.0
 10
474.889966
 20
410.952501
 30
0.0
 10
475.856633
 20
407.385835
 30
0.0
 10
477.089966
 20
405.252501
 30
0.0
 10
479.623299
 20
399.619168
 30
0.0
 10
479.623299
 20
399.585888
 30
0.0
 10
479.823299
 20
398.985888
 30
0.0
 10
480.623299
 20
396.685888
 30
0.0
 10
480.889966
 20
395.585888
 30
0.0
 10
481.889966
 20
391.252555
 30
0.0
 10
481.723299
 20
391.219275
 30
0.0
 10
480.189966
 20
390.752608
 30
0.0
 10
479.789966
 20
390.652661
 30
0.0
 10
477.789966
 20
390.085995
 30
0.0
 10
474.923299
 20
389.285995
 30
0.0
 10
474.123299
 20
389.052661
 30
0.0
 10
469.823299
 20
387.219328
 30
0.0
 10
466.589966
 20
388.352661
 30
0.0
 10
462.156633
 20
387.819328
 30
0.0
 10
457.423299
 20
389.985995
 30
0.0
 10
455.156633
 20
389.452661
 30
0.0
 10
453.889966
 20
389.919328
 30
0.0
 10
450.356633
 20
388.719328
 30
0.0
 10
448.223299
 20
391.152661
 30
0.0
 10
446.523299
 20
391.285995
 30
0.0
 10
446.323299
 20
391.319275
 30
0.0
 10
444.089966
 20
390.552608
 30
0.0
 10
442.556632
 20
389.119275
 30
0.0
 10
441.289966
 20
389.552608
 30
0.0
 10
439.656632
 20
389.385941
 30
0.0
 10
438.289966
 20
389.285995
 30
0.0
 10
431.689966
 20
389.452661
 30
0.0
 10
428.656632
 20
388.319328
 30
0.0
 10
427.356632
 20
387.852661
 30
0.0
 10
424.623299
 20
386.285995
 30
0.0
 10
421.256633
 20
386.219328
 30
0.0
 10
420.689966
 20
385.619328
 30
0.0
 10
420.356633
 20
383.019328
 30
0.0
 10
419.789966
 20
381.452661
 30
0.0
 10
418.789966
 20
381.152661
 30
0.0
 10
413.756633
 20
381.785995
 30
0.0
 10
409.523299
 20
383.052661
 30
0.0
 10
409.189966
 20
383.052661
 30
0.0
 10
407.789966
 20
383.085941
 30
0.0
 10
403.089966
 20
382.419275
 30
0.0
 10
394.689966
 20
382.419275
 30
0.0
 10
392.289966
 20
381.919275
 30
0.0
 10
388.923299
 20
381.752608
 30
0.0
 10
387.356633
 20
381.585941
 30
0.0
 10
384.556633
 20
383.619275
 30
0.0
 10
383.723299
 20
382.652608
 30
0.0
 10
382.623299
 20
382.685888
 30
0.0
 10
380.489966
 20
382.685888
 30
0.0
 10
379.023299
 20
381.119221
 30
0.0
 10
378.823299
 20
380.719221
 30
0.0
 10
375.756633
 20
374.185888
 30
0.0
 10
375.089966
 20
370.785888
 30
0.0
 10
375.823299
 20
367.019221
 30
0.0
 10
372.723299
 20
364.619221
 30
0.0
 10
369.789966
 20
363.619221
 30
0.0
 10
366.256633
 20
363.285888
 30
0.0
 10
362.989966
 20
363.619221
 30
0.0
 10
361.389966
 20
362.185888
 30
0.0
 10
358.523299
 20
362.085941
 30
0.0
 10
358.556633
 20
362.319275
 30
0.0
 10
352.989966
 20
363.185941
 30
0.0
 10
350.856633
 20
364.319275
 30
0.0
 10
350.156633
 20
364.719275
 30
0.0
 10
346.789966
 20
362.619275
 30
0.0
 10
343.823299
 20
357.219275
 30
0.0
 10
341.489966
 20
355.852608
 30
0.0
 10
340.689966
 20
353.985941
 30
0.0
 10
340.923299
 20
352.585941
 30
0.0
 10
342.289966
 20
351.685941
 30
0.0
 10
345.356633
 20
352.452608
 30
0.0
 10
345.756633
 20
349.152608
 30
0.0
 10
347.889966
 20
345.885941
 30
0.0
 10
345.456633
 20
346.485941
 30
0.0
 10
342.589966
 20
347.619275
 30
0.0
 10
341.523299
 20
347.052608
 30
0.0
 10
339.289966
 20
347.352608
 30
0.0
 10
337.589966
 20
346.219275
 30
0.0
 10
336.389966
 20
347.419275
 30
0.0
 10
333.223299
 20
347.719275
 30
0.0
 10
331.689966
 20
347.019275
 30
0.0
 10
330.556633
 20
344.419275
 30
0.0
 10
328.756633
 20
343.019275
 30
0.0
 10
325.456633
 20
342.619275
 30
0.0
 10
324.356629
 20
341.019275
 30
0.0
 10
324.389909
 20
338.619275
 30
0.0
 10
323.589909
 20
336.019275
 30
0.0
 10
321.223243
 20
334.819275
 30
0.0
 10
320.623243
 20
334.519275
 30
0.0
 10
320.123243
 20
334.252608
 30
0.0
 10
319.389909
 20
334.285888
 30
0.0
 10
317.923243
 20
334.319168
 30
0.0
 10
313.656576
 20
334.219221
 30
0.0
 10
313.356576
 20
335.519221
 30
0.0
 10
314.856576
 20
338.752555
 30
0.0
 10
317.256576
 20
341.719221
 30
0.0
 10
317.289856
 20
341.752501
 30
0.0
 10
316.823189
 20
342.385835
 30
0.0
 10
315.956523
 20
343.219168
 30
0.0
 10
313.023189
 20
343.152501
 30
0.0
 10
309.489856
 20
343.285835
 30
0.0
 10
308.389856
 20
341.952501
 30
0.0
 10
303.723189
 20
340.885835
 30
0.0
 10
297.889856
 20
338.752501
 30
0.0
 10
295.623189
 20
337.485835
 30
0.0
 10
295.523243
 20
334.952501
 30
0.0
 10
294.223243
 20
333.819168
 30
0.0
 10
291.389909
 20
333.585835
 30
0.0
 10
286.023243
 20
333.885835
 30
0.0
 10
281.523243
 20
333.752501
 30
0.0
 10
279.223243
 20
333.452501
 30
0.0
 10
275.789909
 20
334.352501
 30
0.0
 10
273.856576
 20
333.585835
 30
0.0
 10
272.556576
 20
333.585835
 30
0.0
 10
271.056576
 20
334.452501
 30
0.0
 10
269.923243
 20
335.985835
 30
0.0
 10
270.523243
 20
337.852501
 30
0.0
 10
270.789909
 20
337.852501
 30
0.0
 10
271.523243
 20
339.285835
 30
0.0
 10
271.189909
 20
339.285835
 30
0.0
 10
271.756576
 20
341.685835
 30
0.0
 10
271.456576
 20
342.985835
 30
0.0
 10
270.589909
 20
343.885835
 30
0.0
 10
265.423243
 20
349.319168
 30
0.0
 10
263.756576
 20
352.219168
 30
0.0
 10
263.623243
 20
352.452501
 30
0.0
 10
263.223243
 20
354.852501
 30
0.0
 10
263.056576
 20
354.985835
 30
0.0
 10
261.889909
 20
355.919168
 30
0.0
 10
257.323243
 20
356.319168
 30
0.0
 10
254.756576
 20
355.652501
 30
0.0
 10
252.923243
 20
355.819168
 30
0.0
 10
251.823243
 20
357.552501
 30
0.0
 10
252.889909
 20
360.652501
 30
0.0
 10
253.589909
 20
361.419168
 30
0.0
 10
259.423243
 20
362.952501
 30
0.0
 10
260.256576
 20
364.019168
 30
0.0
 10
259.823243
 20
365.152501
 30
0.0
 10
259.123243
 20
366.019168
 30
0.0
 10
257.789909
 20
367.619168
 30
0.0
 10
255.256576
 20
368.619168
 30
0.0
 10
251.023243
 20
368.819168
 30
0.0
 10
247.389909
 20
367.119168
 30
0.0
 10
247.389909
 20
367.352501
 30
0.0
 10
244.123243
 20
366.919168
 30
0.0
 10
244.123243
 20
366.685835
 30
0.0
 10
240.023243
 20
364.252501
 30
0.0
 10
237.156576
 20
364.019168
 30
0.0
 10
235.523243
 20
364.652501
 30
0.0
 10
234.956576
 20
365.052501
 30
0.0
 10
233.123243
 20
367.819168
 30
0.0
 10
231.923243
 20
368.652501
 30
0.0
 10
228.723243
 20
368.852501
 30
0.0
 10
223.389909
 20
371.485835
 30
0.0
 10
222.123243
 20
373.019168
 30
0.0
 10
221.189909
 20
374.119168
 30
0.0
 10
220.789909
 20
374.585835
 30
0.0
 10
220.423243
 20
375.052501
 30
0.0
 10
215.589909
 20
375.552501
 30
0.0
 10
212.123243
 20
375.419168
 30
0.0
 10
210.623243
 20
375.819168
 30
0.0
 10
207.356576
 20
376.685835
 30
0.0
 10
206.256576
 20
376.319168
 30
0.0
 10
205.789909
 20
376.085835
 30
0.0
 10
204.056576
 20
375.152501
 30
0.0
 10
203.089909
 20
372.685835
 30
0.0
 10
201.689909
 20
369.252501
 30
0.0
 10
200.589909
 20
368.652501
 30
0.0
 10
198.423243
 20
368.919168
 30
0.0
 10
193.589909
 20
368.552501
 30
0.0
 10
190.923243
 20
368.819168
 30
0.0
 10
187.423243
 20
370.319168
 30
0.0
 10
183.856576
 20
372.719168
 30
0.0
 10
181.956576
 20
373.985835
 30
0.0
 10
181.489909
 20
374.685835
 30
0.0
 10
183.256576
 20
377.119168
 30
0.0
 10
183.289856
 20
378.352501
 30
0.0
 10
184.956523
 20
380.719168
 30
0.0
 10
184.423189
 20
381.752501
 30
0.0
 10
179.389856
 20
381.719221
 30
0.0
 10
177.656523
 20
381.119221
 30
0.0
 10
177.189856
 20
380.019221
 30
0.0
 10
177.356523
 20
377.752555
 30
0.0
 10
179.023189
 20
376.085888
 30
0.0
 10
179.256523
 20
376.085888
 30
0.0
 10
180.156523
 20
374.319221
 30
0.0
 10
178.923189
 20
368.419221
 30
0.0
 10
177.823189
 20
364.819221
 30
0.0
 10
176.823189
 20
361.519221
 30
0.0
 10
176.789909
 20
360.419221
 30
0.0
 10
177.356576
 20
359.052555
 30
0.0
 10
178.623243
 20
356.185888
 30
0.0
 10
181.989909
 20
354.252555
 30
0.0
 10
182.756576
 20
352.519221
 30
0.0
 10
182.456576
 20
346.785888
 30
0.0
 10
184.389909
 20
344.152555
 30
0.0
 10
184.456576
 20
343.219221
 30
0.0
 10
183.123243
 20
341.685888
 30
0.0
 10
181.623243
 20
340.919221
 30
0.0
 10
177.689909
 20
336.519221
 30
0.0
 10
176.723243
 20
334.852555
 30
0.0
 10
177.256576
 20
331.819221
 30
0.0
 10
176.856576
 20
330.552555
 30
0.0
 10
174.789909
 20
329.419221
 30
0.0
 10
170.823243
 20
327.752555
 30
0.0
 10
169.156576
 20
325.619221
 30
0.0
 10
168.223243
 20
322.785888
 30
0.0
 10
165.056576
 20
320.119221
 30
0.0
 10
163.689909
 20
317.719221
 30
0.0
 10
161.889909
 20
312.485888
 30
0.0
 10
160.356576
 20
311.052555
 30
0.0
 10
159.823243
 20
310.919221
 30
0.0
 10
157.323243
 20
310.319221
 30
0.0
 10
153.623243
 20
308.285888
 30
0.0
 10
151.689909
 20
307.785888
 30
0.0
 10
147.623243
 20
305.552555
 30
0.0
 10
142.623243
 20
302.385888
 30
0.0
 10
139.856576
 20
302.785888
 30
0.0
 10
137.389909
 20
301.819221
 30
0.0
 10
133.589909
 20
301.185888
 30
0.0
 10
133.523243
 20
301.152608
 30
0.0
 10
132.456576
 20
303.052608
 30
0.0
 10
132.389909
 20
304.585941
 30
0.0
 10
133.756576
 20
306.485941
 30
0.0
 10
137.589909
 20
308.685941
 30
0.0
 10
139.589909
 20
310.719275
 30
0.0
 10
139.523243
 20
312.285941
 30
0.0
 10
137.656576
 20
314.285941
 30
0.0
 10
137.589909
 20
315.919275
 30
0.0
 10
139.189909
 20
320.419275
 30
0.0
 10
140.856576
 20
322.619275
 30
0.0
 10
142.956576
 20
326.752608
 30
0.0
 10
143.089909
 20
328.752608
 30
0.0
 10
142.089909
 20
330.119275
 30
0.0
 10
141.756576
 20
330.352608
 30
0.0
 10
141.056576
 20
330.785941
 30
0.0
 10
138.856576
 20
330.419275
 30
0.0
 10
136.956576
 20
330.352608
 30
0.0
 10
134.956576
 20
332.152608
 30
0.0
 10
133.923243
 20
331.619275
 30
0.0
 10
131.623243
 20
331.219275
 30
0.0
 10
131.789909
 20
327.519275
 30
0.0
 10
130.823243
 20
325.919275
 30
0.0
 10
127.589909
 20
325.519275
 30
0.0
 10
124.456576
 20
327.552608
 30
0.0
 10
123.623243
 20
327.319275
 30
0.0
 10
123.589963
 20
327.319275
 30
0.0
 10
121.956629
 20
324.752608
 30
0.0
 10
120.856629
 20
323.919275
 30
0.0
 10
119.689963
 20
324.019221
 30
0.0
 10
118.823296
 20
329.485888
 30
0.0
 10
118.056629
 20
331.485888
 30
0.0
 10
114.789963
 20
337.152555
 30
0.0
 10
116.589963
 20
337.919221
 30
0.0
 10
119.323296
 20
340.452555
 30
0.0
 10
120.289963
 20
342.019221
 30
0.0
 10
119.756629
 20
343.852555
 30
0.0
 10
119.356629
 20
347.319221
 30
0.0
 10
118.889963
 20
347.719221
 30
0.0
 10
115.489963
 20
347.552555
 30
0.0
 10
114.589963
 20
348.652555
 30
0.0
 10
112.256629
 20
351.519221
 30
0.0
 10
112.023296
 20
351.519221
 30
0.0
 10
111.323296
 20
355.452555
 30
0.0
 10
111.256629
 20
355.685888
 30
0.0
 10
108.423296
 20
356.419221
 30
0.0
 10
103.556629
 20
356.119221
 30
0.0
 10
103.023296
 20
356.719221
 30
0.0
 10
101.789963
 20
358.052555
 30
0.0
 10
101.423296
 20
360.319221
 30
0.0
 10
99.056629
 20
363.819221
 30
0.0
 10
99.023349
 20
365.352555
 30
0.0
 10
98.990069
 20
367.419221
 30
0.0
 10
98.890123
 20
370.952555
 30
0.0
 10
97.923456
 20
371.819221
 30
0.0
 10
96.956789
 20
370.785888
 30
0.0
 10
95.756789
 20
368.552555
 30
0.0
 10
94.590123
 20
369.252555
 30
0.0
 10
92.856789
 20
369.452555
 30
0.0
 10
90.823456
 20
367.952555
 30
0.0
 10
90.023456
 20
367.652555
 30
0.0
 10
87.623456
 20
370.185888
 30
0.0
 10
86.223456
 20
371.019221
 30
0.0
 10
84.090123
 20
370.719221
 30
0.0
 10
80.890123
 20
367.819221
 30
0.0
 10
80.556789
 20
368.152555
 30
0.0
 10
77.623456
 20
371.419221
 30
0.0
 10
72.023456
 20
371.552555
 30
0.0
 10
71.356789
 20
372.819221
 30
0.0
 10
72.790123
 20
374.685888
 30
0.0
 10
72.890069
 20
377.619221
 30
0.0
 10
71.990069
 20
380.619221
 30
0.0
 10
69.523403
 20
382.385888
 30
0.0
 10
66.456736
 20
382.985888
 30
0.0
 10
63.256736
 20
381.952555
 30
0.0
 10
62.890069
 20
381.319221
 30
0.0
 10
61.923403
 20
379.852555
 30
0.0
 10
59.023403
 20
373.519221
 30
0.0
 10
58.890069
 20
373.285888
 30
0.0
 10
57.923403
 20
370.219221
 30
0.0
 10
57.556736
 20
369.019221
 30
0.0
 10
57.156736
 20
367.819221
 30
0.0
 10
55.223403
 20
367.552555
 30
0.0
 10
50.023403
 20
366.352555
 30
0.0
 10
46.156736
 20
365.919221
 30
0.0
 10
39.090069
 20
365.519221
 30
0.0
 10
32.556736
 20
366.519221
 30
0.0
 10
30.356736
 20
367.852555
 30
0.0
 10
28.690069
 20
368.852555
 30
0.0
 10
24.790069
 20
369.885888
 30
0.0
 10
24.690123
 20
369.085888
 30
0.0
 10
26.956789
 20
361.819221
 30
0.0
 10
29.123456
 20
358.685888
 30
0.0
 10
30.190123
 20
356.985888
 30
0.0
 10
31.956789
 20
354.952555
 30
0.0
 10
33.090123
 20
352.452555
 30
0.0
 10
34.523456
 20
350.919221
 30
0.0
 10
35.423456
 20
351.052555
 30
0.0
 10
36.390123
 20
352.019221
 30
0.0
 10
36.956789
 20
351.985941
 30
0.0
 10
39.390123
 20
349.552608
 30
0.0
 10
41.623456
 20
349.019275
 30
0.0
 10
42.690123
 20
348.952608
 30
0.0
 10
42.723403
 20
348.919328
 30
0.0
 10
43.923403
 20
347.385995
 30
0.0
 10
44.456736
 20
346.752661
 30
0.0
 10
44.256736
 20
346.352661
 30
0.0
 10
43.456736
 20
344.852661
 30
0.0
 10
43.090069
 20
342.652661
 30
0.0
 10
43.223403
 20
341.819328
 30
0.0
 10
43.956736
 20
337.185995
 30
0.0
 10
43.390069
 20
334.185995
 30
0.0
 10
43.390069
 20
334.152715
 30
0.0
 10
44.223403
 20
333.152715
 30
0.0
 10
46.256736
 20
331.152715
 30
0.0
 10
46.856736
 20
329.986048
 30
0.0
 10
46.623403
 20
329.452715
 30
0.0
 10
46.423403
 20
328.986048
 30
0.0
 10
46.156736
 20
328.386048
 30
0.0
 10
45.323403
 20
327.519381
 30
0.0
 10
44.623403
 20
327.419435
 30
0.0
 10
42.990069
 20
327.219435
 30
0.0
 10
42.956789
 20
327.219435
 30
0.0
 10
41.656789
 20
327.019435
 30
0.0
 10
38.890123
 20
326.619435
 30
0.0
 10
38.490123
 20
326.119435
 30
0.0
 10
34.790123
 20
319.752768
 30
0.0
 10
33.323456
 20
316.119435
 30
0.0
 10
33.123456
 20
314.252768
 30
0.0
 10
32.956789
 20
314.019435
 30
0.0
 10
31.590123
 20
311.852768
 30
0.0
 10
29.656789
 20
310.286101
 30
0.0
 10
28.756789
 20
309.852768
 30
0.0
 10
28.490123
 20
309.519435
 30
0.0
 10
27.690123
 20
308.386101
 30
0.0
 10
25.823456
 20
303.452768
 30
0.0
 10
23.323456
 20
300.586101
 30
0.0
 10
27.523456
 20
294.286101
 30
0.0
 10
28.023456
 20
292.886101
 30
0.0
 10
26.656789
 20
289.452768
 30
0.0
 10
27.456789
 20
288.119435
 30
0.0
 10
28.356789
 20
287.152768
 30
0.0
 10
28.690123
 20
286.786101
 30
0.0
 10
28.790069
 20
286.686155
 30
0.0
 10
29.356736
 20
286.086155
 30
0.0
 10
30.256736
 20
285.119488
 30
0.0
 10
30.890069
 20
284.419488
 30
0.0
 10
31.023403
 20
283.186155
 30
0.0
 10
29.590069
 20
280.219488
 30
0.0
 10
29.790069
 20
277.452821
 30
0.0
 10
29.090069
 20
275.652821
 30
0.0
 10
29.556736
 20
274.786155
 30
0.0
 10
30.656736
 20
274.886101
 30
0.0
 10
33.323403
 20
273.519435
 30
0.0
 10
33.323403
 20
273.486155
 30
0.0
 10
35.356736
 20
269.952821
 30
0.0
 10
37.490069
 20
269.719488
 30
0.0
 10
38.923403
 20
263.552821
 30
0.0
 10
38.456736
 20
260.952821
 30
0.0
 10
39.856736
 20
255.419488
 30
0.0
 10
39.423403
 20
253.852821
 30
0.0
 10
36.656736
 20
251.086155
 30
0.0
 10
35.523403
 20
248.452821
 30
0.0
 10
34.956736
 20
245.986155
 30
0.0
 10
35.423403
 20
245.886208
 30
0.0
 10
38.956736
 20
244.886208
 30
0.0
 10
41.523403
 20
246.152875
 30
0.0
 10
45.890069
 20
245.819541
 30
0.0
 10
51.490069
 20
243.752875
 30
0.0
 10
54.556736
 20
242.619541
 30
0.0
 10
54.556736
 20
242.319541
 30
0.0
 10
58.523403
 20
241.852875
 30
0.0
 10
61.190069
 20
240.986208
 30
0.0
 10
63.256736
 20
241.119541
 30
0.0
 10
65.856736
 20
240.519541
 30
0.0
 10
68.290069
 20
238.152875
 30
0.0
 10
68.290069
 20
237.919541
 30
0.0
 10
70.790069
 20
236.419541
 30
0.0
 10
74.323403
 20
234.186208
 30
0.0
 10
79.856736
 20
236.852875
 30
0.0
 10
81.456736
 20
236.586208
 30
0.0
 10
81.956736
 20
234.819541
 30
0.0
 10
81.290069
 20
232.886208
 30
0.0
 10
84.090069
 20
229.919541
 30
0.0
 10
82.523403
 20
226.352875
 30
0.0
 10
80.923403
 20
221.852875
 30
0.0
 10
82.023403
 20
219.519541
 30
0.0
 10
81.590069
 20
216.219541
 30
0.0
 10
81.490123
 20
214.852875
 30
0.0
 10
83.023456
 20
213.219541
 30
0.0
 10
83.690123
 20
213.252821
 30
0.0
 10
85.723456
 20
212.152821
 30
0.0
 10
85.723456
 20
211.852821
 30
0.0
 10
85.956789
 20
211.752875
 30
0.0
 10
87.056789
 20
211.352875
 30
0.0
 10
89.723456
 20
209.519541
 30
0.0
 10
93.056789
 20
207.919541
 30
0.0
 10
94.423456
 20
208.552875
 30
0.0
 10
96.323456
 20
208.119541
 30
0.0
 10
98.890123
 20
208.119541
 30
0.0
 10
100.023456
 20
206.686208
 30
0.0
 10
101.990123
 20
204.919541
 30
0.0
 10
103.023456
 20
204.852875
 30
0.0
 10
104.023456
 20
204.819595
 30
0.0
 10
104.056736
 20
204.819595
 30
0.0
 10
106.856736
 20
203.786261
 30
0.0
 10
108.590069
 20
201.852928
 30
0.0
 10
110.290069
 20
199.886261
 30
0.0
 10
112.223403
 20
196.086261
 30
0.0
 10
113.623403
 20
195.119595
 30
0.0
 10
114.190069
 20
195.086315
 30
0.0
 10
116.756736
 20
195.019648
 30
0.0
 10
120.990069
 20
190.786315
 30
0.0
 10
122.990069
 20
191.219648
 30
0.0
 10
123.990069
 20
191.219648
 30
0.0
 10
126.123403
 20
191.186368
 30
0.0
 10
127.090069
 20
191.486368
 30
0.0
 10
127.456736
 20
191.586315
 30
0.0
 10
129.623403
 20
192.186315
 30
0.0
 10
130.456736
 20
192.786315
 30
0.0
 10
135.623403
 20
196.319648
 30
0.0
 10
138.423403
 20
197.252981
 30
0.0
 10
138.890069
 20
197.252981
 30
0.0
 10
142.156736
 20
197.286261
 30
0.0
 10
142.423403
 20
197.819595
 30
0.0
 10
142.923403
 20
198.886261
 30
0.0
 10
142.623403
 20
204.986261
 30
0.0
 10
142.423403
 20
204.986261
 30
0.0
 10
143.423403
 20
206.486261
 30
0.0
 10
143.523349
 20
206.652928
 30
0.0
 10
143.756683
 20
206.652928
 30
0.0
 10
144.423349
 20
209.786261
 30
0.0
 10
144.190016
 20
209.786261
 30
0.0
 10
145.923349
 20
212.286261
 30
0.0
 10
146.923349
 20
212.652928
 30
0.0
 10
150.756683
 20
210.619595
 30
0.0
 10
153.023349
 20
210.186261
 30
0.0
 10
153.356683
 20
210.119595
 30
0.0
 10
156.356683
 20
212.552928
 30
0.0
 10
155.423349
 20
215.386261
 30
0.0
 10
155.290016
 20
215.786261
 30
0.0
 10
155.990016
 20
217.086261
 30
0.0
 10
158.356683
 20
218.286261
 30
0.0
 10
159.890016
 20
220.486261
 30
0.0
 10
161.490016
 20
226.619595
 30
0.0
 10
162.823349
 20
228.119595
 30
0.0
 10
167.056683
 20
229.552928
 30
0.0
 10
169.656683
 20
230.652928
 30
0.0
 10
170.590016
 20
230.352928
 30
0.0
 10
175.390016
 20
224.819595
 30
0.0
 10
176.056683
 20
222.119595
 30
0.0
 10
175.790016
 20
221.386261
 30
0.0
 10
177.023349
 20
220.886261
 30
0.0
 10
179.223349
 20
219.252928
 30
0.0
 10
182.490016
 20
218.552928
 30
0.0
 10
184.056683
 20
217.552928
 30
0.0
 10
185.656683
 20
216.152928
 30
0.0
 10
187.423349
 20
214.586261
 30
0.0
 10
187.256683
 20
213.352928
 30
0.0
 10
186.923349
 20
209.319595
 30
0.0
 10
186.423349
 20
209.219648
 30
0.0
 10
185.990016
 20
209.052981
 30
0.0
 10
185.090016
 20
208.819648
 30
0.0
 10
184.090016
 20
203.919648
 30
0.0
 10
182.990016
 20
200.986315
 30
0.0
 10
182.990016
 20
200.919648
 30
0.0
 10
183.290016
 20
197.186315
 30
0.0
 10
183.756683
 20
194.552981
 30
0.0
 10
185.156683
 20
193.552981
 30
0.0
 10
187.123349
 20
192.052981
 30
0.0
 10
189.790016
 20
190.852981
 30
0.0
 10
189.823296
 20
190.819701
 30
0.0
 10
190.289963
 20
190.852981
 30
0.0
 10
192.556629
 20
190.919648
 30
0.0
 10
194.823296
 20
191.919648
 30
0.0
 10
197.056629
 20
191.886368
 30
0.0
 10
197.423296
 20
191.353035
 30
0.0
 10
196.956629
 20
189.886368
 30
0.0
 10
197.323296
 20
189.186368
 30
0.0
 10
198.689963
 20
189.319701
 30
0.0
 10
203.123296
 20
192.286368
 30
0.0
 10
206.423296
 20
194.653035
 30
0.0
 10
208.723296
 20
195.686368
 30
0.0
 10
213.189963
 20
195.986368
 30
0.0
 10
216.189963
 20
197.719701
 30
0.0
 10
217.356629
 20
197.553035
 30
0.0
 10
220.323296
 20
195.486368
 30
0.0
 10
220.623296
 20
195.253035
 30
0.0
 10
221.256629
 20
193.686368
 30
0.0
 10
222.823296
 20
191.453035
 30
0.0
 10
224.289963
 20
191.219701
 30
0.0
 10
226.256629
 20
190.886368
 30
0.0
 10
229.289963
 20
188.419701
 30
0.0
 10
232.156629
 20
187.453035
 30
0.0
 10
233.089963
 20
186.619701
 30
0.0
 10
233.156629
 20
184.619701
 30
0.0
 10
228.989963
 20
179.653035
 30
0.0
 10
228.156629
 20
177.919701
 30
0.0
 10
228.889963
 20
176.986368
 30
0.0
 10
231.189963
 20
176.353035
 30
0.0
 10
233.989963
 20
176.319755
 30
0.0
 10
235.756629
 20
177.219755
 30
0.0
 10
236.756629
 20
177.319701
 30
0.0
 10
238.723296
 20
177.519701
 30
0.0
 10
239.589963
 20
176.686368
 30
0.0
 10
240.123296
 20
175.519701
 30
0.0
 10
240.856629
 20
173.986368
 30
0.0
 10
241.889963
 20
173.053035
 30
0.0
 10
243.223296
 20
172.753035
 30
0.0
 10
243.489963
 20
172.686368
 30
0.0
 10
245.756629
 20
173.419701
 30
0.0
 10
249.023296
 20
172.486368
 30
0.0
 10
249.556629
 20
172.219701
 30
0.0
 10
251.389963
 20
171.319701
 30
0.0
 10
253.589963
 20
170.186368
 30
0.0
 10
255.889963
 20
170.219648
 30
0.0
 10
259.889963
 20
171.852981
 30
0.0
 10
260.056629
 20
171.919648
 30
0.0
 10
263.323296
 20
172.352981
 30
0.0
 10
268.323296
 20
171.586315
 30
0.0
 10
269.656629
 20
170.519648
 30
0.0
 10
272.556629
 20
170.486368
 30
0.0
 10
275.589963
 20
172.119701
 30
0.0
 10
275.623243
 20
172.119701
 30
0.0
 10
277.323243
 20
170.953035
 30
0.0
 10
278.089909
 20
172.253035
 30
0.0
 10
278.456576
 20
172.886368
 30
0.0
 10
279.589909
 20
175.619701
 30
0.0
 10
279.589909
 20
175.652981
 30
0.0
 10
280.623243
 20
178.152981
 30
0.0
 10
280.989909
 20
178.752981
 30
0.0
 10
282.389909
 20
181.019648
 30
0.0
 10
283.223243
 20
181.719648
 30
0.0
 10
286.556576
 20
184.519648
 30
0.0
 10
287.256576
 20
185.919648
 30
0.0
 10
287.056576
 20
188.386315
 30
0.0
 10
286.689909
 20
191.419648
 30
0.0
 10
286.556576
 20
192.452981
 30
0.0
 10
287.189909
 20
195.686315
 30
0.0
 10
290.656576
 20
201.519648
 30
0.0
 10
291.056576
 20
202.819648
 30
0.0
 10
290.989909
 20
204.252981
 30
0.0
 10
290.823243
 20
208.119648
 30
0.0
 10
292.423243
 20
210.419648
 30
0.0
 10
292.956576
 20
212.652981
 30
0.0
 10
295.989909
 20
213.186315
 30
0.0
 10
297.956576
 20
213.486315
 30
0.0
 10
298.223243
 20
213.552981
 30
0.0
 10
300.356576
 20
214.252981
 30
0.0
 10
301.889909
 20
215.786315
 30
0.0
 10
301.723243
 20
219.552981
 30
0.0
 10
301.723243
 20
220.486315
 30
0.0
 10
302.523243
 20
221.486315
 30
0.0
 10
307.556576
 20
223.019648
 30
0.0
 10
310.423243
 20
222.252981
 30
0.0
 10
312.556576
 20
223.252981
 30
0.0
 10
314.789909
 20
223.486315
 30
0.0
 10
316.856576
 20
224.186315
 30
0.0
 10
318.223243
 20
224.786315
 30
0.0
 10
318.456576
 20
224.886261
 30
0.0
 10
319.323243
 20
225.186261
 30
0.0
 10
320.689909
 20
225.886261
 30
0.0
 10
323.123243
 20
227.186261
 30
0.0
 10
326.623246
 20
227.286208
 30
0.0
 10
328.089913
 20
228.686208
 30
0.0
 10
330.556579
 20
229.052875
 30
0.0
 10
332.289913
 20
228.086208
 30
0.0
 10
333.156579
 20
228.086208
 30
0.0
 10
334.123246
 20
229.019541
 30
0.0
 10
334.989913
 20
229.086208
 30
0.0
 10
336.689913
 20
227.952875
 30
0.0
 10
340.989913
 20
223.886208
 30
0.0
 10
342.756579
 20
223.052875
 30
0.0
 10
345.189913
 20
223.052875
 30
0.0
 10
347.356579
 20
224.286208
 30
0.0
 10
348.956579
 20
225.686208
 30
0.0
 10
350.689913
 20
228.252875
 30
0.0
 10
353.989913
 20
230.252875
 30
0.0
 10
354.856579
 20
232.886208
 30
0.0
 10
356.123246
 20
234.419541
 30
0.0
 10
357.889913
 20
234.019541
 30
0.0
 10
358.923246
 20
233.786208
 30
0.0
 10
359.256579
 20
233.686261
 30
0.0
 10
361.089913
 20
232.286261
 30
0.0
 10
361.189913
 20
232.219595
 30
0.0
 10
361.289913
 20
232.119648
 30
0.0
 10
367.056579
 20
227.652981
 30
0.0
 10
368.823246
 20
228.019648
 30
0.0
 10
372.689913
 20
230.986315
 30
0.0
 10
376.989913
 20
232.786315
 30
0.0
 10
381.289913
 20
234.119648
 30
0.0
 10
383.123246
 20
233.286315
 30
0.0
 10
387.589913
 20
229.486315
 30
0.0
 10
389.289913
 20
229.286315
 30
0.0
 10
392.223246
 20
229.486315
 30
0.0
 10
393.889913
 20
230.152981
 30
0.0
 10
395.289913
 20
229.952981
 30
0.0
 10
397.689913
 20
227.452981
 30
0.0
 10
400.156579
 20
224.852981
 30
0.0
 10
401.789913
 20
224.186315
 30
0.0
 10
403.623246
 20
224.219595
 30
0.0
 10
407.289913
 20
227.786261
 30
0.0
 10
409.556579
 20
228.786261
 30
0.0
 10
413.923246
 20
228.919595
 30
0.0
 10
416.656579
 20
229.019541
 30
0.0
 10
419.023246
 20
230.586208
 30
0.0
 10
419.556579
 20
230.919541
 30
0.0
 10
420.656579
 20
231.386208
 30
0.0
 10
420.856579
 20
231.586208
 30
0.0
 10
422.623246
 20
233.386208
 30
0.0
 10
425.023246
 20
234.986208
 30
0.0
 10
425.023246
 20
235.019488
 30
0.0
 10
425.623246
 20
235.419488
 30
0.0
 10
427.389912
 20
235.452768
 30
0.0
 10
433.356579
 20
240.052768
 30
0.0
 10
436.923246
 20
240.819435
 30
0.0
 10
437.756579
 20
240.686101
 30
0.0
 10
440.156579
 20
242.452768
 30
0.0
 10
441.423246
 20
243.786101
 30
0.0
 10
441.689912
 20
244.052768
 30
0.0
 10
441.923246
 20
244.319435
 30
0.0
 10
441.923246
 20
244.019435
 30
0.0
 10
445.023246
 20
244.086101
 30
0.0
 10
445.323246
 20
244.086101
 30
0.0
 10
446.523246
 20
243.986155
 30
0.0
 10
449.556579
 20
243.652821
 30
0.0
 10
452.589913
 20
246.252821
 30
0.0
 10
454.189913
 20
246.652821
 30
0.0
 10
456.323246
 20
246.019488
 30
0.0
 10
459.123246
 20
246.519488
 30
0.0
 10
461.856579
 20
250.152821
 30
0.0
 10
463.356579
 20
250.652821
 30
0.0
 10
466.823246
 20
250.152821
 30
0.0
 10
470.623246
 20
251.586155
 30
0.0
 10
471.489913
 20
251.919488
 30
0.0
 10
473.889913
 20
252.486155
 30
0.0
 10
476.323246
 20
254.152821
 30
0.0
 10
478.123246
 20
254.652821
 30
0.0
 10
482.189913
 20
252.886155
 30
0.0
 10
482.989913
 20
252.886155
 30
0.0
 10
483.456579
 20
252.886155
 30
0.0
 10
485.389913
 20
251.619488
 30
0.0
 10
485.623246
 20
251.086155
 30
0.0
 10
486.623246
 20
249.052821
 30
0.0
 10
486.589913
 20
248.619488
 30
0.0
 10
486.556579
 20
248.252821
 30
0.0
 10
486.556579
 20
247.819488
 30
0.0
 10
483.789913
 20
244.852821
 30
0.0
 10
482.723246
 20
241.986155
 30
0.0
 10
481.023246
 20
238.886155
 30
0.0
 10
478.589913
 20
238.286155
 30
0.0
 10
477.356579
 20
237.986155
 30
0.0
 10
474.523246
 20
237.219488
 30
0.0
 10
471.756579
 20
236.952821
 30
0.0
 10
468.523246
 20
234.352821
 30
0.0
 10
467.389913
 20
232.186155
 30
0.0
 10
469.456579
 20
226.019488
 30
0.0
 10
469.923246
 20
221.252821
 30
0.0
 10
470.356579
 20
220.652821
 30
0.0
 10
473.089913
 20
218.086155
 30
0.0
 10
474.723246
 20
215.352821
 30
0.0
 10
474.589913
 20
213.586155
 30
0.0
 10
473.189913
 20
211.419488
 30
0.0
 10
472.123246
 20
208.452821
 30
0.0
 10
474.056579
 20
207.286155
 30
0.0
 10
474.623246
 20
206.952821
 30
0.0
 10
477.989913
 20
206.652821
 30
0.0
 10
479.356579
 20
205.886155
 30
0.0
 10
481.323246
 20
202.952821
 30
0.0
 10
482.323246
 20
200.586155
 30
0.0
 10
483.623246
 20
198.986155
 30
0.0
 10
488.523246
 20
202.786155
 30
0.0
 10
493.456579
 20
201.852821
 30
0.0
 10
494.823246
 20
198.186155
 30
0.0
 10
496.023246
 20
196.819488
 30
0.0
 10
497.489913
 20
190.886155
 30
0.0
 10
499.389913
 20
189.386155
 30
0.0
 10
495.389913
 20
183.619488
 30
0.0
 10
495.923246
 20
178.786155
 30
0.0
 10
494.823246
 20
177.219488
 30
0.0
 10
495.989913
 20
175.086155
 30
0.0
 10
501.089913
 20
175.186101
 30
0.0
 10
506.256579
 20
173.552768
 30
0.0
 10
508.556579
 20
169.919435
 30
0.0
 10
510.723246
 20
162.586101
 30
0.0
 10
512.223246
 20
158.619435
 30
0.0
 10
513.389913
 20
156.719435
 30
0.0
 10
515.889913
 20
154.719435
 30
0.0
 10
519.389913
 20
152.686101
 30
0.0
 10
521.389913
 20
150.752768
 30
0.0
 10
522.589913
 20
150.319435
 30
0.0
 10
524.589913
 20
150.286155
 30
0.0
 10
527.256579
 20
149.486155
 30
0.0
 10
529.856579
 20
147.419488
 30
0.0
 10
535.323246
 20
147.752821
 30
0.0
 10
537.289913
 20
146.519488
 30
0.0
 10
539.156576
 20
144.086155
 30
0.0
 10
542.023243
 20
142.152821
 30
0.0
 10
543.689909
 20
141.719488
 30
0.0
 10
545.223243
 20
142.286155
 30
0.0
 10
550.189909
 20
142.719488
 30
0.0
 10
552.823243
 20
143.652821
 30
0.0
 10
554.356576
 20
143.386155
 30
0.0
 10
557.123243
 20
141.519488
 30
0.0
 10
559.423243
 20
141.752821
 30
0.0
 10
561.723243
 20
142.419488
 30
0.0
 10
565.423243
 20
142.152821
 30
0.0
 10
569.356576
 20
139.986155
 30
0.0
 10
571.823243
 20
136.686155
 30
0.0
 10
573.056576
 20
136.786101
 30
0.0
 10
574.956576
 20
138.619435
 30
0.0
 10
576.489909
 20
140.119435
 30
0.0
 10
578.423243
 20
140.152715
 30
0.0
 10
583.089909
 20
138.919381
 30
0.0
 10
585.523243
 20
136.052715
 30
0.0
 10
588.823243
 20
135.319381
 30
0.0
 10
589.723243
 20
134.552715
 30
0.0
 10
589.889909
 20
131.286048
 30
0.0
 10
590.289909
 20
129.519381
 30
0.0
 10
593.423243
 20
128.752715
 30
0.0
 10
598.356576
 20
129.586048
 30
0.0
 10
601.389909
 20
130.152715
 30
0.0
 10
606.856576
 20
129.919381
 30
0.0
 10
608.256576
 20
129.386048
 30
0.0
 10
609.823243
 20
128.786048
 30
0.0
 10
612.856576
 20
128.786048
 30
0.0
 10
615.123243
 20
127.786048
 30
0.0
 10
620.923243
 20
127.286048
 30
0.0
 10
623.456576
 20
126.352715
 30
0.0
 10
625.956576
 20
126.452661
 30
0.0
 10
630.489909
 20
127.252661
 30
0.0
 10
632.723243
 20
127.819328
 30
0.0
 10
635.656576
 20
126.585995
 30
0.0
 10
645.989909
 20
125.019328
 30
0.0
 10
651.456576
 20
120.519328
 30
0.0
 10
656.256576
 20
118.152661
 30
0.0
 10
658.923243
 20
116.085995
 30
0.0
 10
659.823243
 20
116.119275
 30
0.0
 10
662.423243
 20
117.285941
 30
0.0
 10
668.323243
 20
116.952608
 30
0.0
 10
672.423243
 20
115.952608
 30
0.0
 10
673.789909
 20
116.552608
 30
0.0
 10
677.056576
 20
119.519275
 30
0.0
 10
681.289909
 20
119.719275
 30
0.0
 10
682.123243
 20
121.752608
 30
0.0
 10
683.789909
 20
121.685941
 30
0.0
 10
687.489909
 20
119.985941
 30
0.0
 10
688.756576
 20
118.185941
 30
0.0
 10
690.556576
 20
117.619275
 30
0.0
 10
695.756576
 20
116.385941
 30
0.0
 10
698.689909
 20
117.185941
 30
0.0
 10
699.589909
 20
116.985941
 30
0.0
 10
704.389909
 20
118.852608
 30
0.0
 10
705.089909
 20
118.185941
 30
0.0
 10
705.956576
 20
115.852608
 30
0.0
 10
708.323243
 20
114.719275
 30
0.0
 10
712.489909
 20
115.385941
 30
0.0
 10
715.056576
 20
114.152608
 30
0.0
 10
716.556576
 20
112.052608
 30
0.0
 10
718.123243
 20
112.019328
 30
0.0
 10
719.889909
 20
113.785995
 30
0.0
 10
723.856576
 20
113.252661
 30
0.0
 10
727.723243
 20
111.519328
 30
0.0
 10
728.656576
 20
111.119328
 30
0.0
 10
730.789909
 20
110.219328
 30
0.0
 10
732.856576
 20
108.885995
 30
0.0
 10
736.689909
 20
107.785995
 30
0.0
 10
741.156576
 20
107.519328
 30
0.0
 10
747.256576
 20
107.019328
 30
0.0
 10
750.289909
 20
106.452661
 30
0.0
 10
754.823243
 20
103.919328
 30
0.0
 10
757.956576
 20
104.185995
 30
0.0
 10
761.989909
 20
105.919328
 30
0.0
 10
768.289909
 20
106.785995
 30
0.0
 10
773.923243
 20
106.552661
 30
0.0
 10
777.923243
 20
106.085995
 30
0.0
 10
785.823243
 20
101.719328
 30
0.0
 10
788.789909
 20
99.085995
 30
0.0
 10
789.423243
 20
98.719328
 30
0.0
 10
791.623243
 20
97.052661
 30
0.0
 10
793.056576
 20
97.052661
 30
0.0
 10
797.656576
 20
100.219328
 30
0.0
 10
799.923243
 20
99.919328
 30
0.0
 10
804.089909
 20
98.419328
 30
0.0
 10
806.456576
 20
98.185995
 30
0.0
 10
810.623243
 20
95.552661
 30
0.0
 10
814.023243
 20
89.652661
 30
0.0
 10
816.023243
 20
87.152661
 30
0.0
 10
817.323243
 20
85.119328
 30
0.0
 10
822.889909
 20
86.885995
 30
0.0
 10
828.523243
 20
86.685995
 30
0.0
 10
830.423243
 20
84.585995
 30
0.0
 10
831.523243
 20
84.619275
 30
0.0
 10
834.889909
 20
86.219275
 30
0.0
 10
837.356576
 20
87.385941
 30
0.0
 10
838.823243
 20
87.285995
 30
0.0
 10
843.189909
 20
85.552661
 30
0.0
 10
844.289909
 20
84.685995
 30
0.0
 10
847.756576
 20
84.419328
 30
0.0
 10
850.789909
 20
86.085995
 30
0.0
 10
854.356576
 20
86.185941
 30
0.0
 10
862.956576
 20
88.285941
 30
0.0
 10
864.223243
 20
88.052608
 30
0.0
 10
865.289909
 20
86.485941
 30
0.0
 10
864.389909
 20
85.152608
 30
0.0
 10
866.023243
 20
83.519275
 30
0.0
 10
867.489909
 20
82.852608
 30
0.0
 10
869.056576
 20
82.452608
 30
0.0
 10
872.989909
 20
79.719275
 30
0.0
 10
874.423243
 20
80.019275
 30
0.0
 10
876.623243
 20
81.585941
 30
0.0
 10
878.623243
 20
83.219275
 30
0.0
 10
880.856576
 20
80.585941
 30
0.0
 10
884.523243
 20
73.885941
 30
0.0
 10
885.189909
 20
70.852608
 30
0.0
 10
886.456576
 20
69.885941
 30
0.0
 10
889.789909
 20
71.152608
 30
0.0
 10
889.489909
 20
73.285941
 30
0.0
 10
891.489909
 20
76.985941
 30
0.0
 10
889.956576
 20
80.952608
 30
0.0
 10
889.856629
 20
82.719275
 30
0.0
 10
890.823296
 20
84.385941
 30
0.0
 10
893.689963
 20
85.752608
 30
0.0
 10
894.689963
 20
86.752608
 30
0.0
 10
896.089963
 20
86.585941
 30
0.0
 10
898.523296
 20
87.785941
 30
0.0
 10
902.856629
 20
87.752661
 30
0.0
 10
905.656629
 20
89.152661
 30
0.0
 10
906.356629
 20
90.019328
 30
0.0
 10
906.889963
 20
92.885995
 30
0.0
 10
909.156629
 20
92.585995
 30
0.0
 10
909.789963
 20
93.152661
 30
0.0
 10
910.789963
 20
96.352661
 30
0.0
 10
912.323296
 20
98.052661
 30
0.0
 10
912.356576
 20
100.485995
 30
0.0
 10
913.289909
 20
101.785995
 30
0.0
 10
914.623243
 20
102.452661
 30
0.0
 10
915.989909
 20
101.252661
 30
0.0
 10
917.256576
 20
102.552661
 30
0.0
 10
918.456576
 20
101.552661
 30
0.0
 10
919.956576
 20
102.185995
 30
0.0
 10
922.489909
 20
101.852661
 30
0.0
 10
923.623243
 20
101.152661
 30
0.0
 10
925.256576
 20
101.352661
 30
0.0
 10
930.323243
 20
103.719328
 30
0.0
 10
931.056576
 20
105.085995
 30
0.0
 10
931.089856
 20
108.152661
 30
0.0
 10
932.423189
 20
111.285995
 30
0.0
 10
932.489856
 20
114.052661
 30
0.0
 10
933.456523
 20
115.285995
 30
0.0
 10
933.123189
 20
118.419328
 30
0.0
 10
934.223189
 20
120.219328
 30
0.0
 10
936.423189
 20
122.552661
 30
0.0
 10
938.623189
 20
126.685995
 30
0.0
 10
939.123189
 20
128.852661
 30
0.0
 10
941.489856
 20
130.219328
 30
0.0
 10
942.989856
 20
130.119381
 30
0.0
 10
946.823189
 20
128.786048
 30
0.0
 10
948.023189
 20
129.052715
 30
0.0
 10
947.889856
 20
131.619381
 30
0.0
 10
951.089856
 20
133.352715
 30
0.0
 10
951.989856
 20
133.819381
 30
0.0
 10
954.156523
 20
134.919381
 30
0.0
 10
955.989856
 20
134.119381
 30
0.0
 10
956.556523
 20
133.852715
 30
0.0
 10
956.789856
 20
132.952715
 30
0.0
 10
957.689856
 20
128.886048
 30
0.0
 10
958.656523
 20
127.852715
 30
0.0
 10
959.156523
 20
128.819381
 30
0.0
 10
959.956523
 20
130.286048
 30
0.0
 10
960.689856
 20
131.686048
 30
0.0
 10
961.123189
 20
132.619381
 30
0.0
 10
961.756523
 20
133.619381
 30
0.0
 10
963.156523
 20
136.186048
 30
0.0
 10
964.489856
 20
137.886048
 30
0.0
 10
965.556523
 20
138.252715
 30
0.0
 10
968.456523
 20
140.652715
 30
0.0
 10
973.289856
 20
141.452715
 30
0.0
 10
974.023189
 20
140.919381
 30
0.0
 10
975.989856
 20
139.486048
 30
0.0
 10
976.689856
 20
139.585995
 30
0.0
 10
979.623189
 20
141.719328
 30
0.0
 10
982.156523
 20
141.852661
 30
0.0
 10
983.623189
 20
140.685995
 30
0.0
 10
987.289856
 20
142.285995
 30
0.0
 10
990.923189
 20
141.385995
 30
0.0
 10
993.956523
 20
141.419275
 30
0.0
 10
997.123189
 20
138.619275
 30
0.0
 10
1000.423189
 20
138.552608
 30
0.0
 10
1002.656523
 20
137.785941
 30
0.0
 10
1008.823189
 20
138.652608
 30
0.0
 10
1011.023189
 20
140.352608
 30
0.0
 10
1012.756523
 20
141.085941
 30
0.0
 10
1015.089856
 20
141.019275
 30
0.0
 10
1018.189856
 20
141.385941
 30
0.0
 10
1020.556523
 20
140.219275
 30
0.0
 10
1022.023189
 20
140.319221
 30
0.0
 10
1025.789856
 20
140.285941
 30
0.0
 10
1033.289856
 20
141.719275
 30
0.0
 10
1036.589909
 20
138.119275
 30
0.0
 10
1038.856576
 20
137.585941
 30
0.0
 10
1040.589909
 20
137.952608
 30
0.0
 10
1040.456576
 20
135.419275
 30
0.0
 10
1041.623189
 20
132.652608
 30
0.0
 10
1042.189909
 20
131.319275
 30
0.0
 10
1043.089856
 20
130.452608
 30
0.0
 10
1046.823189
 20
131.819275
 30
0.0
 10
1048.689856
 20
131.152608
 30
0.0
 10
1050.256469
 20
131.952608
 30
0.0
 10
1051.089856
 20
132.719275
 30
0.0
 10
1055.656576
 20
136.285941
 30
0.0
 10
1057.489856
 20
140.252608
 30
0.0
 10
1056.189909
 20
143.219275
 30
0.0
 10
1056.089856
 20
145.252608
 30
0.0
 10
1058.489856
 20
146.352608
 30
0.0
 10
1059.889856
 20
147.985941
 30
0.0
 10
1065.689856
 20
149.819275
 30
0.0
 10
1065.989803
 20
148.885941
 30
0.0
 10
1066.656469
 20
148.485941
 30
0.0
 10
1068.623189
 20
148.319275
 30
0.0
 10
1070.156523
 20
148.919275
 30
0.0
 10
1072.523136
 20
150.652608
 30
0.0
 10
1073.623189
 20
151.152608
 30
0.0
 10
1074.356523
 20
151.485941
 30
0.0
 10
1074.989909
 20
153.985941
 30
0.0
 10
1076.956523
 20
154.552608
 30
0.0
 10
1079.489856
 20
153.819275
 30
0.0
 10
1082.323243
 20
152.085941
 30
0.0
 10
1085.089856
 20
151.752608
 30
0.0
 10
1087.123243
 20
152.385941
 30
0.0
 10
1089.323136
 20
152.385941
 30
0.0
 10
1092.289856
 20
151.252608
 30
0.0
 10
1097.089856
 20
153.385941
 30
0.0
 10
1101.123243
 20
156.585941
 30
0.0
 10
1105.156523
 20
157.719275
 30
0.0
 10
1109.389909
 20
157.752555
 30
0.0
 10
1112.889856
 20
157.352555
 30
0.0
 10
1116.423189
 20
156.085888
 30
0.0
 10
1122.189909
 20
151.785888
 30
0.0
 10
1125.256576
 20
149.352555
 30
0.0
 10
1127.689856
 20
148.852555
 30
0.0
 10
1130.823189
 20
149.152555
 30
0.0
 10
1131.556523
 20
148.785888
 30
0.0
 10
1133.456469
 20
146.752555
 30
0.0
 10
1134.889856
 20
145.219221
 30
0.0
 10
1135.956523
 20
144.652555
 30
0.0
 10
1139.456469
 20
142.752555
 30
0.0
 10
1140.389803
 20
148.019221
 30
0.0
 10
1139.956523
 20
150.685888
 30
0.0
 10
1135.323136
 20
156.719221
 30
0.0
 10
1131.189803
 20
163.519221
 30
0.0
 10
1131.256576
 20
168.219221
 30
0.0
 10
1131.689856
 20
170.852555
 30
0.0
 10
1130.823189
 20
173.752555
 30
0.0
 10
1131.656576
 20
176.652555
 30
0.0
 10
1131.523243
 20
179.352555
 30
0.0
 10
1132.689856
 20
181.652555
 30
0.0
 10
1131.489856
 20
183.319221
 30
0.0
 10
1131.056469
 20
184.752555
 30
0.0
 10
1131.323136
 20
186.752555
 30
0.0
 10
1131.956523
 20
187.719221
 30
0.0
 10
1133.823189
 20
187.352555
 30
0.0
 10
1135.123243
 20
188.052555
 30
0.0
 10
1136.256469
 20
188.619221
 30
0.0
 10
1136.956523
 20
188.752555
 30
0.0
 10
1138.623189
 20
189.085888
 30
0.0
 10
1139.256576
 20
188.252555
 30
0.0
 10
1140.756523
 20
189.419221
 30
0.0
 10
1143.989803
 20
189.585888
 30
0.0
 10
1144.823189
 20
192.052555
 30
0.0
 10
1149.089856
 20
195.685888
 30
0.0
 10
1150.389803
 20
195.319221
 30
0.0
 10
1152.723243
 20
197.019221
 30
0.0
 10
1156.556523
 20
199.885888
 30
0.0
 10
1158.123136
 20
201.919221
 30
0.0
 10
1160.789803
 20
205.985888
 30
0.0
 10
1163.156523
 20
207.619221
 30
0.0
 10
1163.489856
 20
208.485888
 30
0.0
 10
1165.189803
 20
211.185888
 30
0.0
 10
1166.956523
 20
214.052555
 30
0.0
 10
1167.856469
 20
215.519221
 30
0.0
 10
1171.323136
 20
216.352555
 30
0.0
 10
1172.323243
 20
216.919221
 30
0.0
 10
1173.023189
 20
217.952555
 30
0.0
 10
1174.089856
 20
218.252555
 30
0.0
 10
1173.923243
 20
219.719221
 30
0.0
 10
1175.223189
 20
220.752555
 30
0.0
 10
1179.323136
 20
221.252555
 30
0.0
 10
1179.423189
 20
221.552555
 30
0.0
 10
1180.323243
 20
223.619221
 30
0.0
 10
1179.989803
 20
226.119221
 30
0.0
 10
1179.889856
 20
226.885888
 30
0.0
 10
1180.889856
 20
229.419221
 30
0.0
 10
1182.323243
 20
233.685888
 30
0.0
 10
1183.589803
 20
234.019221
 30
0.0
 10
1184.956523
 20
231.985888
 30
0.0
 10
1186.389803
 20
230.852555
 30
0.0
 10
1188.323243
 20
231.719221
 30
0.0
 10
1191.489856
 20
231.285888
 30
0.0
 10
1194.823189
 20
232.352555
 30
0.0
 10
1197.089856
 20
232.752555
 30
0.0
 10
1198.923136
 20
231.552555
 30
0.0
 10
1201.356523
 20
231.152555
 30
0.0
 10
1203.689856
 20
231.819221
 30
0.0
 10
1205.423189
 20
231.785941
 30
0.0
 10
1206.589909
 20
230.452608
 30
0.0
 10
1208.156523
 20
229.719275
 30
0.0
 10
1211.323136
 20
231.385941
 30
0.0
 10
1212.523136
 20
230.352608
 30
0.0
 10
1215.623189
 20
229.519275
 30
0.0
 10
1218.256469
 20
230.219275
 30
0.0
 10
1221.089856
 20
230.385941
 30
0.0
 10
1221.856469
 20
231.552608
 30
0.0
 10
1222.023189
 20
231.852608
 30
0.0
 10
1221.923243
 20
232.919275
 30
0.0
 10
1219.889856
 20
234.285941
 30
0.0
 10
1217.023189
 20
236.419275
 30
0.0
 10
1215.156523
 20
237.785941
 30
0.0
 10
1213.223189
 20
238.119275
 30
0.0
 10
1210.823189
 20
237.485941
 30
0.0
 10
1210.056576
 20
238.019275
 30
0.0
 10
1211.656576
 20
241.285941
 30
0.0
 10
1214.156523
 20
242.519275
 30
0.0
 10
1215.489856
 20
243.152608
 30
0.0
 10
1220.089856
 20
243.785941
 30
0.0
 10
1222.389803
 20
245.752608
 30
0.0
 10
1222.389803
 20
247.119275
 30
0.0
 10
1220.756523
 20
248.119275
 30
0.0
 10
1218.089856
 20
248.585941
 30
0.0
 10
1215.089856
 20
250.319275
 30
0.0
 10
1214.989909
 20
253.152608
 30
0.0
 10
1214.556523
 20
253.852608
 30
0.0
 10
1213.889856
 20
254.952608
 30
0.0
 10
1214.256469
 20
256.085941
 30
0.0
 10
1215.123243
 20
256.519275
 30
0.0
 10
1217.089856
 20
257.552608
 30
0.0
 10
1217.989803
 20
258.785941
 30
0.0
 10
1219.256576
 20
259.585941
 30
0.0
 10
1220.256469
 20
261.885941
 30
0.0
 10
1223.356523
 20
263.452608
 30
0.0
 10
1224.123136
 20
264.452608
 30
0.0
 10
1223.223189
 20
266.919275
 30
0.0
 10
1221.689856
 20
268.819275
 30
0.0
 10
1218.023189
 20
268.285941
 30
0.0
 10
1213.489856
 20
268.119275
 30
0.0
 10
1211.389909
 20
268.019328
 30
0.0
 10
1210.923136
 20
269.785995
 30
0.0
 10
1210.856576
 20
269.952661
 30
0.0
 10
1211.523243
 20
271.485995
 30
0.0
 10
1212.589909
 20
272.452661
 30
0.0
 10
1213.989803
 20
273.752661
 30
0.0
 10
1212.489856
 20
276.319328
 30
0.0
 10
1212.156523
 20
276.652661
 30
0.0
 10
1209.923243
 20
278.685995
 30
0.0
 10
1207.556523
 20
278.952661
 30
0.0
 10
1206.523136
 20
279.852661
 30
0.0
 10
1205.989803
 20
281.685995
 30
0.0
 10
1205.189803
 20
284.352661
 30
0.0
 10
1205.623189
 20
285.152661
 30
0.0
 10
1205.989803
 20
285.719328
 30
0.0
 10
1207.956523
 20
285.819275
 30
0.0
 10
1208.489856
 20
286.519275
 30
0.0
 10
1209.123243
 20
290.952608
 30
0.0
 10
1209.723136
 20
293.085941
 30
0.0
 10
1208.456576
 20
294.752608
 30
0.0
 10
1211.923243
 20
296.019275
 30
0.0
 10
1214.323243
 20
296.319275
 30
0.0
 10
1215.489856
 20
297.319275
 30
0.0
 10
1215.989803
 20
299.152608
 30
0.0
 10
1216.756523
 20
302.119275
 30
0.0
 10
1218.123136
 20
303.285941
 30
0.0
 10
1215.956523
 20
309.419275
 30
0.0
 10
1215.089856
 20
310.885941
 30
0.0
 10
1214.789803
 20
312.185941
 30
0.0
 10
1214.023189
 20
315.519275
 30
0.0
 10
1212.623189
 20
317.719275
 30
0.0
 10
1210.423189
 20
318.819275
 30
0.0
 10
1208.756523
 20
320.819275
 30
0.0
 10
1208.489856
 20
321.785941
 30
0.0
 10
1209.256576
 20
322.419275
 30
0.0
 10
1211.323136
 20
322.785941
 30
0.0
 10
1212.423189
 20
324.652608
 30
0.0
 10
1211.823189
 20
327.919275
 30
0.0
 10
1211.756523
 20
331.352608
 30
0.0
 10
1211.523243
 20
331.385888
 30
0.0
 10
1210.656469
 20
333.419221
 30
0.0
 10
1211.423189
 20
335.619221
 30
0.0
 10
1212.389803
 20
336.152555
 30
0.0
 10
1216.456576
 20
335.585888
 30
0.0
 10
1217.489856
 20
334.085888
 30
0.0
 10
1217.289856
 20
333.119221
 30
0.0
 10
1218.989909
 20
332.419221
 30
0.0
 10
1219.956523
 20
331.352555
 30
0.0
 10
1223.189803
 20
335.252555
 30
0.0
 10
1223.456469
 20
335.585888
 30
0.0
 10
1224.456576
 20
335.552608
 30
0.0
 10
1229.489856
 20
335.319275
 30
0.0
 10
1230.489856
 20
335.819275
 30
0.0
 10
1232.489856
 20
336.052608
 30
0.0
 10
1234.456576
 20
338.685941
 30
0.0
 10
1236.023189
 20
338.752608
 30
0.0
 10
1238.023189
 20
340.152608
 30
0.0
 10
1238.389803
 20
340.285941
 30
0.0
 10
1238.423189
 20
340.285941
 30
0.0
 10
1240.289856
 20
340.952608
 30
0.0
 10
1241.589803
 20
343.219275
 30
0.0
 10
1246.256469
 20
347.685941
 30
0.0
 10
1246.456576
 20
347.885941
 30
0.0
 10
1246.789803
 20
348.219275
 30
0.0
 10
1247.723136
 20
349.752608
 30
0.0
 10
1248.723243
 20
351.452608
 30
0.0
 10
1248.689856
 20
353.219275
 30
0.0
 10
1247.056469
 20
355.285941
 30
0.0
 10
1245.889856
 20
357.485941
 30
0.0
 10
1246.123136
 20
359.185941
 30
0.0
 10
1247.789909
 20
360.119275
 30
0.0
 10
1250.323243
 20
359.885941
 30
0.0
 10
1252.223189
 20
361.352608
 30
0.0
 10
1254.489856
 20
364.152608
 30
0.0
 10
1254.789803
 20
366.085941
 30
0.0
 10
1255.889856
 20
367.819275
 30
0.0
 10
1255.756523
 20
368.519275
 30
0.0
 10
1255.489856
 20
369.519275
 30
0.0
 10
1254.223189
 20
370.352608
 30
0.0
 10
1251.623189
 20
374.152608
 30
0.0
 10
1249.756523
 20
374.685941
 30
0.0
 10
1248.623189
 20
375.885941
 30
0.0
 10
1249.889856
 20
377.852608
 30
0.0
 10
1249.723136
 20
379.452608
 30
0.0
 10
1248.456576
 20
382.485941
 30
0.0
 10
1248.156523
 20
384.652608
 30
0.0
 10
1247.989803
 20
385.885941
 30
0.0
 10
1246.556523
 20
387.219275
 30
0.0
 10
1245.689856
 20
389.685941
 30
0.0
 10
1243.856469
 20
391.252608
 30
0.0
 10
1241.356523
 20
391.285888
 30
0.0
 10
1239.023189
 20
390.219221
 30
0.0
 10
1236.289856
 20
388.985888
 30
0.0
 10
1234.623189
 20
389.585888
 30
0.0
 10
1232.356523
 20
389.552608
 30
0.0
 10
1230.956523
 20
390.419275
 30
0.0
 10
1230.656469
 20
390.719275
 30
0.0
 10
1227.123243
 20
393.085941
 30
0.0
 10
1224.556523
 20
394.485941
 30
0.0
 10
1223.356523
 20
395.685941
 30
0.0
 10
1222.356523
 20
395.685941
 30
0.0
 10
1220.089856
 20
394.552608
 30
0.0
 10
1219.023189
 20
394.852608
 30
0.0
 10
1218.656469
 20
394.952555
 30
0.0
 10
1217.356523
 20
396.552555
 30
0.0
 10
1214.689856
 20
397.519221
 30
0.0
 10
1211.789909
 20
397.885888
 30
0.0
 10
1208.989909
 20
399.419221
 30
0.0
 10
1207.389909
 20
399.619221
 30
0.0
 10
1206.923136
 20
400.785888
 30
0.0
 10
1207.656576
 20
402.052555
 30
0.0
 10
1207.889856
 20
402.019275
 30
0.0
 10
1209.989803
 20
404.052608
 30
0.0
 10
1209.689856
 20
404.085888
 30
0.0
 10
1210.189909
 20
407.352555
 30
0.0
 10
1210.723243
 20
408.252555
 30
0.0
 10
1211.989803
 20
408.352501
 30
0.0
 10
1213.756523
 20
405.719168
 30
0.0
 10
1214.723243
 20
405.219168
 30
0.0
 10
1215.556523
 20
405.652501
 30
0.0
 10
1216.023189
 20
407.719168
 30
0.0
 10
1218.923136
 20
410.352501
 30
0.0
 10
1219.056469
 20
410.485835
 30
0.0
 10
1222.489856
 20
412.152501
 30
0.0
 10
1223.823189
 20
413.119168
 30
0.0
 10
1226.556523
 20
413.119168
 30
0.0
 10
1226.789803
 20
413.219115
 30
0.0
 10
1227.656576
 20
414.785781
 30
0.0
 10
1228.323243
 20
416.052448
 30
0.0
 10
1228.023189
 20
417.019115
 30
0.0
 10
1227.356523
 20
419.185781
 30
0.0
 10
1226.389803
 20
420.085781
 30
0.0
 10
1226.923136
 20
420.719115
 30
0.0
 10
1229.356523
 20
423.719115
 30
0.0
 10
1231.056469
 20
424.085781
 30
0.0
 10
1232.856576
 20
423.819115
 30
0.0
 10
1234.656469
 20
424.719115
 30
0.0
 10
1236.389803
 20
423.585781
 30
0.0
 10
1238.789803
 20
425.652448
 30
0.0
 10
1239.689856
 20
425.652448
 30
0.0
 10
1241.056469
 20
424.585781
 30
0.0
 10
1242.789803
 20
424.885781
 30
0.0
 10
1243.956523
 20
424.485781
 30
0.0
 10
1245.756523
 20
422.252448
 30
0.0
 10
1246.323243
 20
421.885781
 30
0.0
 10
1247.823189
 20
420.919115
 30
0.0
 10
1252.589909
 20
420.485781
 30
0.0
 10
1253.123243
 20
420.452501
 30
0.0
 10
1255.023189
 20
419.852501
 30
0.0
 10
1256.123136
 20
418.619168
 30
0.0
 10
1256.923136
 20
417.719168
 30
0.0
 10
1258.756523
 20
413.919168
 30
0.0
 10
1258.956523
 20
413.585835
 30
0.0
 10
1259.689856
 20
412.352501
 30
0.0
 10
1261.156523
 20
409.819168
 30
0.0
 10
1261.256576
 20
409.585835
 30
0.0
 10
1262.889856
 20
406.019168
 30
0.0
 10
1265.823189
 20
405.652501
 30
0.0
 10
1273.723136
 20
405.385835
 30
0.0
 10
1274.889856
 20
405.452501
 30
0.0
 10
1275.989803
 20
405.519168
 30
0.0
 10
1276.923136
 20
406.819168
 30
0.0
 10
1278.123136
 20
409.985835
 30
0.0
 10
1280.123136
 20
412.085835
 30
0.0
 10
1280.956523
 20
412.252501
 30
0.0
 10
1282.289856
 20
414.652501
 30
0.0
 10
1283.256576
 20
414.619221
 30
0.0
 10
1283.689856
 20
408.985888
 30
0.0
 10
1284.756523
 20
407.319221
 30
0.0
 10
1286.489856
 20
407.519221
 30
0.0
 10
1289.556523
 20
407.385888
 30
0.0
 10
1290.223189
 20
407.352608
 30
0.0
 10
1296.423189
 20
408.852608
 30
0.0
 10
1302.989909
 20
410.052608
 30
0.0
 10
1320.823189
 20
413.352608
 30
0.0
 10
1318.323243
 20
416.052608
 30
0.0
 10
1317.623189
 20
418.519275
 30
0.0
 10
1317.223189
 20
425.152608
 30
0.0
 10
1316.956523
 20
430.719275
 30
0.0
 10
1315.556523
 20
434.552608
 30
0.0
 10
1317.589803
 20
436.319275
 30
0.0
 10
1319.089856
 20
437.652608
 30
0.0
 10
1315.456469
 20
442.919275
 30
0.0
 10
1315.723136
 20
444.119275
 30
0.0
 10
1316.056576
 20
445.485941
 30
0.0
 10
1315.189803
 20
447.319275
 30
0.0
 10
1315.023189
 20
447.419221
 30
0.0
 10
1309.189803
 20
451.619221
 30
0.0
 10
1309.323136
 20
452.919221
 30
0.0
 10
1310.023189
 20
453.419221
 30
0.0
 10
1313.856469
 20
453.485888
 30
0.0
 10
1316.156523
 20
454.419221
 30
0.0
 10
1317.523243
 20
454.985888
 30
0.0
 10
1321.356523
 20
456.885888
 30
0.0
 10
1323.356523
 20
460.219221
 30
0.0
 10
1322.989909
 20
463.319221
 30
0.0
 10
1324.423189
 20
466.085888
 30
0.0
 10
1324.756523
 20
466.719221
 30
0.0
 10
1322.256469
 20
469.152555
 30
0.0
 10
1321.856469
 20
469.519221
 30
0.0
 10
1322.489856
 20
471.019221
 30
0.0
 10
1322.656469
 20
471.485888
 30
0.0
 10
1323.356523
 20
473.485888
 30
0.0
 10
1323.456469
 20
473.585835
 30
0.0
 10
1324.356523
 20
474.485835
 30
0.0
 10
1325.889856
 20
476.052501
 30
0.0
 10
1325.856469
 20
477.785835
 30
0.0
 10
1322.623189
 20
479.252501
 30
0.0
 10
1324.323243
 20
482.019168
 30
0.0
 10
1332.123136
 20
487.752501
 30
0.0
 10
1333.189803
 20
489.819168
 30
0.0
 10
1332.489856
 20
490.352501
 30
0.0
 10
1329.789909
 20
493.485835
 30
0.0
 10
1327.423189
 20
493.919168
 30
0.0
 10
1325.289856
 20
495.352501
 30
0.0
 10
1322.689856
 20
493.852501
 30
0.0
 10
1320.756523
 20
493.819221
 30
0.0
 10
1319.589803
 20
494.352555
 30
0.0
 10
1319.356523
 20
496.285888
 30
0.0
 10
1320.823189
 20
499.385888
 30
0.0
 10
1320.723243
 20
500.685888
 30
0.0
 10
1319.423189
 20
501.919221
 30
0.0
 10
1319.389909
 20
502.785888
 30
0.0
 10
1320.323243
 20
503.852555
 30
0.0
 10
1319.989803
 20
504.919221
 30
0.0
 10
1319.423189
 20
506.519221
 30
0.0
 10
1320.456576
 20
509.352555
 30
0.0
 10
1322.523136
 20
512.985888
 30
0.0
 10
1322.356523
 20
513.685888
 30
0.0
 10
1321.489856
 20
513.985888
 30
0.0
 10
1319.456469
 20
514.652555
 30
0.0
 10
1318.523136
 20
515.185888
 30
0.0
 10
1317.923243
 20
517.685888
 30
0.0
 10
1317.656576
 20
518.419221
 30
0.0
 10
1317.089856
 20
519.819221
 30
0.0
 10
1316.289856
 20
521.752555
 30
0.0
 10
1315.756523
 20
523.119221
 30
0.0
 10
1314.989909
 20
523.852555
 30
0.0
 10
1313.989803
 20
524.785888
 30
0.0
 10
1311.389909
 20
526.219221
 30
0.0
 10
1308.489856
 20
529.452555
 30
0.0
 10
1304.056576
 20
532.185888
 30
0.0
 10
1303.389909
 20
535.819221
 30
0.0
 10
1302.856576
 20
537.252555
 30
0.0
 10
1301.023189
 20
543.152555
 30
0.0
 10
1298.989909
 20
547.252555
 30
0.0
 10
1298.556523
 20
549.352555
 30
0.0
 10
1298.323243
 20
550.385888
 30
0.0
 10
1298.523136
 20
555.152555
 30
0.0
 10
1298.389803
 20
556.952555
 30
0.0
 10
1297.423189
 20
558.152555
 30
0.0
 10
1293.623189
 20
558.585888
 30
0.0
 10
1293.089856
 20
559.585888
 30
0.0
 10
1291.489856
 20
562.519221
 30
0.0
 10
1290.056576
 20
563.719221
 30
0.0
 10
1288.923136
 20
567.385888
 30
0.0
 10
1290.656469
 20
569.452555
 30
0.0
 10
1290.856576
 20
571.385888
 30
0.0
 10
1289.689856
 20
573.285888
 30
0.0
 10
1286.989909
 20
574.219221
 30
0.0
 10
1285.823189
 20
575.352555
 30
0.0
 10
1284.356523
 20
578.452555
 30
0.0
 10
1281.889856
 20
578.485888
 30
0.0
 10
1280.389803
 20
579.052555
 30
0.0
 10
1279.089856
 20
583.585888
 30
0.0
 10
1279.489856
 20
585.985888
 30
0.0
 10
1281.756523
 20
589.385888
 30
0.0
 10
1282.189909
 20
590.585888
 30
0.0
 10
1282.456576
 20
594.252555
 30
0.0
 10
1280.523136
 20
600.785888
 30
0.0
 10
1280.556523
 20
602.552555
 30
0.0
 10
1282.056576
 20
604.752555
 30
0.0
 10
1281.889856
 20
605.619221
 30
0.0
 10
1282.789803
 20
607.085888
 30
0.0
 10
1283.789909
 20
607.752555
 30
0.0
 10
1285.489856
 20
610.385888
 30
0.0
 10
1287.389909
 20
611.352555
 30
0.0
 10
1287.756523
 20
614.685888
 30
0.0
 10
1288.523136
 20
615.352555
 30
0.0
 10
1291.089856
 20
616.219221
 30
0.0
 10
1291.723136
 20
619.319221
 30
0.0
 10
1292.323243
 20
620.319221
 30
0.0
 10
1295.589803
 20
621.885888
 30
0.0
 10
1297.089856
 20
627.352555
 30
0.0
 10
1296.689856
 20
628.485888
 30
0.0
 10
1296.723243
 20
629.919221
 30
0.0
 10
1294.623189
 20
633.885888
 30
0.0
 10
1294.356523
 20
635.219221
 30
0.0
 10
1294.656469
 20
637.685888
 30
0.0
 10
1294.323243
 20
642.319221
 30
0.0
 10
1296.023189
 20
643.919221
 30
0.0
 10
1296.223189
 20
646.252555
 30
0.0
 10
1294.289856
 20
646.652555
 30
0.0
 10
1293.123243
 20
646.885888
 30
0.0
 10
1291.923243
 20
648.719221
 30
0.0
 10
1291.956523
 20
651.152554
 30
0.0
 10
1292.756523
 20
655.619221
 30
0.0
 10
1292.156523
 20
659.985888
 30
0.0
 10
1290.789803
 20
661.852554
 30
0.0
 10
1291.589803
 20
663.852554
 30
0.0
 10
1291.823189
 20
666.719221
 30
0.0
 10
1289.989803
 20
669.252554
 30
0.0
 10
1289.256576
 20
670.985888
 30
0.0
 10
1288.589909
 20
671.652555
 30
0.0
 10
1286.789803
 20
671.652555
 30
0.0
 10
1283.523243
 20
671.552555
 30
0.0
 10
1282.956523
 20
671.519221
 30
0.0
 10
1282.089856
 20
671.319221
 30
0.0
 10
1280.123136
 20
670.852555
 30
0.0
 10
1276.856576
 20
671.119221
 30
0.0
 10
1272.823189
 20
670.052555
 30
0.0
 10
1271.356523
 20
669.119221
 30
0.0
 10
1270.323243
 20
668.919221
 30
0.0
 10
1268.289856
 20
670.952555
 30
0.0
 10
1265.556523
 20
670.585888
 30
0.0
 10
1264.189909
 20
671.152555
 30
0.0
 10
1263.056469
 20
672.919221
 30
0.0
 10
1262.656469
 20
674.019221
 30
0.0
 10
1261.556523
 20
674.185888
 30
0.0
 10
1259.623189
 20
675.152555
 30
0.0
 10
1258.823189
 20
676.485888
 30
0.0
 10
1255.523243
 20
676.952555
 30
0.0
 10
1253.789909
 20
676.085888
 30
0.0
 10
1251.589803
 20
674.019221
 30
0.0
 10
1250.623189
 20
674.485888
 30
0.0
 10
1249.123243
 20
676.652555
 30
0.0
 10
1249.689856
 20
678.252555
 30
0.0
 10
1250.223189
 20
682.219221
 30
0.0
 10
1248.356523
 20
686.319221
 30
0.0
 10
1246.256469
 20
688.119221
 30
0.0
 10
1243.189803
 20
689.252555
 30
0.0
 10
1240.823189
 20
687.352555
 30
0.0
 10
1238.889856
 20
687.285888
 30
0.0
 10
1237.523243
 20
687.719221
 30
0.0
 10
1236.723243
 20
687.985888
 30
0.0
 10
1234.189909
 20
690.219221
 30
0.0
 10
1231.289856
 20
691.119221
 30
0.0
 10
1227.189803
 20
694.952555
 30
0.0
 10
1225.623189
 20
695.619221
 30
0.0
 10
1222.689856
 20
692.452555
 30
0.0
 10
1218.489856
 20
691.519221
 30
0.0
 10
1217.756523
 20
691.685888
 30
0.0
 10
1216.223189
 20
692.019221
 30
0.0
 10
1213.789909
 20
692.519221
 30
0.0
 10
1210.989909
 20
691.719221
 30
0.0
 10
1208.723243
 20
686.752555
 30
0.0
 10
1206.256469
 20
682.585888
 30
0.0
 10
1204.323243
 20
680.619221
 30
0.0
 10
1202.556523
 20
677.785888
 30
0.0
 10
1200.856576
 20
676.452555
 30
0.0
 10
1198.956523
 20
674.985888
 30
0.0
 10
1197.723136
 20
674.452555
 30
0.0
 10
1196.389803
 20
675.319221
 30
0.0
 10
1195.789909
 20
676.052555
 30
0.0
 10
1194.456576
 20
677.685888
 30
0.0
 10
1193.356523
 20
677.919221
 30
0.0
 10
1190.756523
 20
674.952555
 30
0.0
 10
1190.089856
 20
674.885888
 30
0.0
 10
1185.323136
 20
676.685888
 30
0.0
 10
1181.856469
 20
677.619221
 30
0.0
 10
1176.889856
 20
676.585888
 30
0.0
 10
1174.223189
 20
676.885888
 30
0.0
 10
1171.523243
 20
677.219221
 30
0.0
 10
1168.356523
 20
677.319221
 30
0.0
 10
1165.756523
 20
678.552555
 30
0.0
 10
1164.223189
 20
678.819221
 30
0.0
 10
1156.656469
 20
678.252555
 30
0.0
 10
1152.389803
 20
678.319221
 30
0.0
 10
1148.323243
 20
679.352555
 30
0.0
 10
1145.256576
 20
680.719221
 30
0.0
 10
1140.156523
 20
682.985888
 30
0.0
 10
1136.823189
 20
685.819221
 30
0.0
 10
1134.889856
 20
687.452555
 30
0.0
 10
1133.489856
 20
689.319221
 30
0.0
 10
1133.489856
 20
688.085888
 30
0.0
 10
1132.589909
 20
688.485888
 30
0.0
 10
1130.389803
 20
690.985888
 30
0.0
 10
1124.656469
 20
695.352555
 30
0.0
 10
1124.656469
 20
696.852555
 30
0.0
 10
1126.056576
 20
698.819221
 30
0.0
 10
1125.056469
 20
699.885888
 30
0.0
 10
1124.223189
 20
700.285888
 30
0.0
 10
1123.156523
 20
700.785888
 30
0.0
 10
1122.356523
 20
698.252555
 30
0.0
 10
1120.123136
 20
699.619221
 30
0.0
 10
1120.589909
 20
702.285888
 30
0.0
 10
1119.723136
 20
702.519221
 30
0.0
 10
1118.989909
 20
703.419221
 30
0.0
 10
1117.889856
 20
703.085888
 30
0.0
 10
1115.823189
 20
702.785888
 30
0.0
 10
1115.189803
 20
704.219221
 30
0.0
 10
1114.223189
 20
704.552555
 30
0.0
 10
1112.689856
 20
705.052555
 30
0.0
 10
1110.989909
 20
707.052555
 30
0.0
 10
1109.756523
 20
706.985888
 30
0.0
 10
1107.123243
 20
707.985888
 30
0.0
 10
1106.023189
 20
709.285888
 30
0.0
 10
1107.523243
 20
710.585888
 30
0.0
 10
1107.256576
 20
711.519221
 30
0.0
 10
1105.856469
 20
712.585888
 30
0.0
 10
1103.689856
 20
712.119221
 30
0.0
 10
1102.089856
 20
712.685888
 30
0.0
 10
1100.823189
 20
712.485888
 30
0.0
 10
1095.123243
 20
713.019221
 30
0.0
 10
1093.356523
 20
709.852555
 30
0.0
 10
1090.889856
 20
707.419221
 30
0.0
 10
1084.756523
 20
708.585888
 30
0.0
 10
1082.756523
 20
709.352555
 30
0.0
 10
1079.156523
 20
708.619221
 30
0.0
 10
1078.189909
 20
710.085888
 30
0.0
 10
1077.089856
 20
710.819221
 30
0.0
 10
1074.223189
 20
714.219221
 30
0.0
 10
1072.589909
 20
715.619221
 30
0.0
 10
1071.423189
 20
715.785888
 30
0.0
 10
1069.323136
 20
716.119221
 30
0.0
 10
1067.356523
 20
718.685888
 30
0.0
 10
1064.256469
 20
718.885888
 30
0.0
 10
1060.489856
 20
718.419221
 30
0.0
 10
1059.123243
 20
719.385888
 30
0.0
 10
1057.456469
 20
720.519221
 30
0.0
 10
1049.189803
 20
723.385888
 30
0.0
 10
1048.223189
 20
724.752555
 30
0.0
 10
1047.489856
 20
728.085888
 30
0.0
 10
1046.756523
 20
729.485888
 30
0.0
 10
1042.323243
 20
731.319221
 30
0.0
 10
1041.823189
 20
732.752555
 30
0.0
 10
1040.089856
 20
731.385888
 30
0.0
 10
1039.389909
 20
731.485888
 30
0.0
 10
1038.256469
 20
732.552555
 30
0.0
 10
1034.656523
 20
732.619221
 30
0.0
 10
1032.523189
 20
733.819221
 30
0.0
 10
1030.556523
 20
735.852555
 30
0.0
 10
1028.623189
 20
736.252555
 30
0.0
 10
1024.923189
 20
740.285888
 30
0.0
 10
1021.723189
 20
740.719221
 30
0.0
 10
1018.089856
 20
740.785888
 30
0.0
 10
1016.989856
 20
739.185888
 30
0.0
 10
1015.156523
 20
739.919221
 30
0.0
 10
1013.456523
 20
739.485888
 30
0.0
 10
1012.589856
 20
739.752555
 30
0.0
 10
1011.456523
 20
742.485888
 30
0.0
 10
1009.556523
 20
744.019221
 30
0.0
 10
1008.989856
 20
742.419221
 30
0.0
 10
1009.956523
 20
739.819221
 30
0.0
 10
1008.523189
 20
736.785888
 30
0.0
 10
1007.423189
 20
735.719221
 30
0.0
 10
1007.656523
 20
734.519221
 30
0.0
 10
1005.956523
 20
733.519221
 30
0.0
 10
1001.789856
 20
734.385888
 30
0.0
 10
1000.189856
 20
734.719221
 30
0.0
 10
997.756523
 20
734.052555
 30
0.0
 10
996.023189
 20
732.819221
 30
0.0
 10
995.056523
 20
731.385888
 30
0.0
 10
994.156523
 20
730.785888
 30
0.0
 10
992.823189
 20
731.119221
 30
0.0
 10
991.823189
 20
731.985888
 30
0.0
 10
990.489856
 20
733.219221
 30
0.0
 10
990.523136
 20
736.119221
 30
0.0
 10
989.723136
 20
737.385888
 30
0.0
 10
989.323136
 20
739.352555
 30
0.0
 10
987.089803
 20
740.185888
 30
0.0
 10
988.523136
 20
741.152555
 30
0.0
 10
988.723136
 20
742.419221
 30
0.0
 10
988.356469
 20
743.719221
 30
0.0
 10
985.723136
 20
744.719221
 30
0.0
 10
982.723136
 20
744.719221
 30
0.0
 10
981.723136
 20
744.885888
 30
0.0
 10
980.956469
 20
745.485888
 30
0.0
 10
979.756469
 20
745.452555
 30
0.0
 10
977.856469
 20
744.185888
 30
0.0
 10
975.023136
 20
744.685888
 30
0.0
 10
973.623136
 20
744.419221
 30
0.0
 10
973.189803
 20
745.952555
 30
0.0
 10
973.356469
 20
747.819221
 30
0.0
 10
972.456469
 20
748.719221
 30
0.0
 10
969.589803
 20
748.252555
 30
0.0
 10
968.156469
 20
748.519221
 30
0.0
 10
966.322923
 20
749.752768
 30
0.0
  0
LWPOLYLINE
  5
141
100
AcDbEntity
  8
See_unten
 62
4
100
AcDbPolyline
 90
1
 70
1
 10
1268.049813
 20
468.383179
 30
0.0
  0
LWPOLYLINE
  5
142
100
AcDbEntity
  8
Landesgrenzen
 62
1
100
AcDbPolyline
 90
39
 70
0
 10
1230.697589
 20
97.122613
 30
0.0
 10
1226.538656
 20
98.010080
 30
0.0
 10
1222.595189
 20
100.250080
 30
0.0
 10
1216.314656
 20
105.836085
 30
0.0
 10
1212.004683
 20
105.220384
 30
0.0
 10
1208.926283
 20
108.914581
 30
0.0
 10
1204.924149
 20
109.530283
 30
0.0
 10
1199.075083
 20
114.455883
 30
0.0
 10
1195.996576
 20
111.685237
 30
0.0
 10
1193.533749
 20
107.375339
 30
0.0
 10
1191.686603
 20
104.296843
 30
0.0
 10
1188.300256
 20
104.296843
 30
0.0
 10
1184.606069
 20
104.296843
 30
0.0
 10
1182.143349
 20
101.526187
 30
0.0
 10
1179.372683
 20
99.063392
 30
0.0
 10
1180.296203
 20
94.753493
 30
0.0
 10
1182.451189
 20
88.288651
 30
0.0
 10
1183.990389
 20
83.055200
 30
0.0
 10
1187.684576
 20
77.821760
 30
0.0
 10
1187.684576
 20
74.127552
 30
0.0
 10
1185.221749
 20
71.049056
 30
0.0
 10
1179.988363
 20
69.509813
 30
0.0
 10
1172.907829
 20
70.125515
 30
0.0
 10
1170.445003
 20
69.817664
 30
0.0
 10
1164.287989
 20
74.127552
 30
0.0
 10
1161.517323
 20
76.590357
 30
0.0
 10
1156.899616
 20
75.051104
 30
0.0
 10
1151.666123
 20
73.204011
 30
0.0
 10
1146.740576
 20
73.204011
 30
0.0
 10
1145.817056
 20
71.356907
 30
0.0
 10
1149.203403
 20
66.739157
 30
0.0
 10
1149.819083
 20
62.429269
 30
0.0
 10
1149.511243
 20
59.966464
 30
0.0
 10
1145.201269
 20
58.427221
 30
0.0
 10
1142.738549
 20
58.427221
 30
0.0
 10
1140.891403
 20
54.117323
 30
0.0
 10
1138.736523
 20
52.270219
 30
0.0
 10
1135.042229
 20
53.193771
 30
0.0
 10
1132.579509
 20
50.115264
 30
0.0
  0
SPLINE
  5
143
100
AcDbEntity
  8
Landesgrenzen
 62
1
100
AcDbSpline
 70
8
 71
3
 72
8
 73
4
 74
0
 40
0
 40
0
 40
0
 40
0
 40
1
 40
1
 40
1
 40
1
 10
912.722976
 20
646.752768
 30
0.0
 10
912.722976
 20
646.752768
 30
0.0
 10
912.712096
 20
646.719435
 30
0.0
 10
913.222976
 20
644.586101
 30
0.0
  0
LWPOLYLINE
  5
144
100
AcDbEntity
  8
Landesgrenzen
 62
1
100
AcDbPolyline
 90
79
 70
0
 10
966.322923
 20
749.752768
 30
0.0
 10
963.689589
 20
748.319435
 30
0.0
 10
962.589589
 20
748.252768
 30
0.0
 10
961.756256
 20
747.952768
 30
0.0
 10
961.522923
 20
747.619435
 30
0.0
 10
961.756256
 20
746.919435
 30
0.0
 10
961.756256
 20
744.886101
 30
0.0
 10
960.856256
 20
743.186101
 30
0.0
 10
959.956256
 20
742.452768
 30
0.0
 10
959.222923
 20
742.252768
 30
0.0
 10
958.256256
 20
741.119435
 30
0.0
 10
957.889589
 20
739.852768
 30
0.0
 10
958.089589
 20
735.852768
 30
0.0
 10
957.656256
 20
733.419435
 30
0.0
 10
958.556256
 20
729.886101
 30
0.0
 10
957.356256
 20
728.419435
 30
0.0
 10
959.889589
 20
723.286101
 30
0.0
 10
960.356256
 20
719.952768
 30
0.0
 10
959.789589
 20
717.552768
 30
0.0
 10
958.822923
 20
716.419435
 30
0.0
 10
958.289589
 20
712.986101
 30
0.0
 10
957.356256
 20
712.952768
 30
0.0
 10
957.022923
 20
712.119435
 30
0.0
 10
957.156256
 20
707.952768
 30
0.0
 10
958.656256
 20
705.952768
 30
0.0
 10
956.922923
 20
704.352768
 30
0.0
 10
956.489589
 20
702.686101
 30
0.0
 10
955.322923
 20
699.819435
 30
0.0
 10
954.189589
 20
697.152768
 30
0.0
 10
954.589589
 20
695.452768
 30
0.0
 10
953.956256
 20
693.919435
 30
0.0
 10
954.456256
 20
691.086101
 30
0.0
 10
956.322923
 20
690.219435
 30
0.0
 10
958.356256
 20
689.752768
 30
0.0
 10
959.022923
 20
689.186101
 30
0.0
 10
959.956256
 20
687.852768
 30
0.0
 10
960.189589
 20
686.752768
 30
0.0
 10
959.889589
 20
685.319435
 30
0.0
 10
956.656256
 20
683.619435
 30
0.0
 10
955.122923
 20
683.719435
 30
0.0
 10
954.422923
 20
683.786101
 30
0.0
 10
951.356256
 20
684.219435
 30
0.0
 10
949.789589
 20
685.552768
 30
0.0
 10
947.589589
 20
686.252768
 30
0.0
 10
943.689589
 20
687.119435
 30
0.0
 10
942.022923
 20
687.119435
 30
0.0
 10
941.789589
 20
688.619435
 30
0.0
 10
940.922923
 20
689.019435
 30
0.0
 10
939.389589
 20
689.086101
 30
0.0
 10
937.222923
 20
688.286101
 30
0.0
 10
936.222923
 20
688.352768
 30
0.0
 10
934.589589
 20
689.786101
 30
0.0
 10
933.156256
 20
689.286101
 30
0.0
 10
931.322923
 20
690.019435
 30
0.0
 10
928.922923
 20
687.686101
 30
0.0
 10
928.422923
 20
686.852768
 30
0.0
 10
929.289589
 20
685.486101
 30
0.0
 10
929.289589
 20
684.486101
 30
0.0
 10
927.822923
 20
681.986101
 30
0.0
 10
927.556256
 20
680.652768
 30
0.0
 10
928.622923
 20
677.352768
 30
0.0
 10
926.789589
 20
676.486101
 30
0.0
 10
925.222923
 20
674.852768
 30
0.0
 10
924.222923
 20
672.786101
 30
0.0
 10
922.222923
 20
671.352768
 30
0.0
 10
919.622923
 20
670.519435
 30
0.0
 10
917.622923
 20
669.652768
 30
0.0
 10
916.322923
 20
668.486101
 30
0.0
 10
914.389589
 20
664.986101
 30
0.0
 10
914.589589
 20
663.419434
 30
0.0
 10
913.389589
 20
661.352768
 30
0.0
 10
912.722923
 20
658.319434
 30
0.0
 10
912.189589
 20
655.852768
 30
0.0
 10
913.022923
 20
655.252768
 30
0.0
 10
913.389589
 20
654.086101
 30
0.0
 10
913.056256
 20
652.919434
 30
0.0
 10
913.222923
 20
650.552768
 30
0.0
 10
912.756256
 20
648.152768
 30
0.0
 10
912.722976
 20
646.752768
 30
0.0
  0
LWPOLYLINE
  5
145
100
AcDbEntity
  8
Landesgrenzen
 62
1
100
AcDbPolyline
 90
2029
 70
0
 10
913.222976
 20
644.586101
 30
0.0
 10
911.156309
 20
640.719435
 30
0.0
 10
911.222976
 20
639.752768
 30
0.0
 10
910.289643
 20
638.786101
 30
0.0
 10
908.756309
 20
639.019435
 30
0.0
 10
907.422976
 20
638.886101
 30
0.0
 10
903.656309
 20
638.486101
 30
0.0
 10
902.189643
 20
642.852768
 30
0.0
 10
901.822976
 20
643.919435
 30
0.0
 10
900.889643
 20
645.186101
 30
0.0
 10
899.989643
 20
645.219435
 30
0.0
 10
898.389643
 20
644.152768
 30
0.0
 10
897.589643
 20
644.052768
 30
0.0
 10
897.022976
 20
643.952768
 30
0.0
 10
895.489643
 20
649.086101
 30
0.0
 10
895.456363
 20
649.286101
 30
0.0
 10
893.723029
 20
650.286101
 30
0.0
 10
891.556363
 20
648.019435
 30
0.0
 10
886.956363
 20
645.319435
 30
0.0
 10
886.023029
 20
644.119435
 30
0.0
 10
885.123029
 20
644.586101
 30
0.0
 10
884.923029
 20
644.719435
 30
0.0
 10
883.256363
 20
646.352768
 30
0.0
 10
882.723029
 20
646.886101
 30
0.0
 10
880.023029
 20
646.819435
 30
0.0
 10
879.389696
 20
647.452768
 30
0.0
 10
878.923029
 20
647.952768
 30
0.0
 10
877.923029
 20
648.152768
 30
0.0
 10
876.223029
 20
647.486101
 30
0.0
 10
876.189749
 20
647.452768
 30
0.0
 10
874.756416
 20
649.152768
 30
0.0
 10
874.723136
 20
650.586101
 30
0.0
 10
874.389803
 20
650.952768
 30
0.0
 10
873.989803
 20
651.419434
 30
0.0
 10
872.756469
 20
651.819434
 30
0.0
 10
872.589803
 20
651.852768
 30
0.0
 10
870.323136
 20
655.052768
 30
0.0
 10
867.189803
 20
654.552768
 30
0.0
 10
866.589803
 20
654.452768
 30
0.0
 10
866.123136
 20
654.086101
 30
0.0
 10
865.756469
 20
653.286101
 30
0.0
 10
867.689803
 20
650.419434
 30
0.0
 10
867.556469
 20
648.886101
 30
0.0
 10
865.189803
 20
643.419435
 30
0.0
 10
863.423136
 20
641.652768
 30
0.0
 10
861.789803
 20
640.386101
 30
0.0
 10
860.923136
 20
640.952768
 30
0.0
 10
860.789803
 20
641.019435
 30
0.0
 10
856.356469
 20
641.252768
 30
0.0
 10
855.456469
 20
640.152768
 30
0.0
 10
855.489749
 20
639.219435
 30
0.0
 10
857.023083
 20
636.319435
 30
0.0
 10
856.123083
 20
634.986101
 30
0.0
 10
854.256416
 20
633.786101
 30
0.0
 10
853.489749
 20
635.552768
 30
0.0
 10
852.756416
 20
635.752768
 30
0.0
 10
851.089749
 20
634.752768
 30
0.0
 10
848.623083
 20
630.352768
 30
0.0
 10
846.356416
 20
627.786101
 30
0.0
 10
844.723083
 20
627.586101
 30
0.0
 10
843.823083
 20
631.086101
 30
0.0
 10
843.656416
 20
631.686101
 30
0.0
 10
841.223083
 20
632.219435
 30
0.0
 10
840.589749
 20
632.752768
 30
0.0
 10
838.489749
 20
635.519435
 30
0.0
 10
837.156416
 20
636.486101
 30
0.0
 10
835.623083
 20
638.352768
 30
0.0
 10
833.556416
 20
638.386101
 30
0.0
 10
831.689749
 20
637.452768
 30
0.0
 10
830.823083
 20
637.586101
 30
0.0
 10
828.723083
 20
639.286101
 30
0.0
 10
826.923083
 20
639.586101
 30
0.0
 10
823.189749
 20
641.019435
 30
0.0
 10
820.689749
 20
641.352768
 30
0.0
 10
819.889749
 20
640.952768
 30
0.0
 10
818.089749
 20
641.019435
 30
0.0
 10
816.023083
 20
641.786101
 30
0.0
 10
815.923136
 20
641.819435
 30
0.0
 10
813.956469
 20
641.652768
 30
0.0
 10
811.623136
 20
642.119435
 30
0.0
 10
808.656469
 20
640.319435
 30
0.0
 10
806.089803
 20
640.852768
 30
0.0
 10
806.056523
 20
642.852768
 30
0.0
 10
801.123189
 20
642.752768
 30
0.0
 10
800.823189
 20
645.052768
 30
0.0
 10
799.689856
 20
644.386101
 30
0.0
 10
798.689856
 20
644.552768
 30
0.0
 10
796.723189
 20
646.919435
 30
0.0
 10
797.856523
 20
649.286101
 30
0.0
 10
797.689856
 20
650.019434
 30
0.0
 10
796.956523
 20
650.752768
 30
0.0
 10
795.689856
 20
650.219434
 30
0.0
 10
794.589856
 20
650.452768
 30
0.0
 10
794.356523
 20
650.686101
 30
0.0
 10
792.223189
 20
652.752768
 30
0.0
 10
791.989856
 20
653.486101
 30
0.0
 10
794.389856
 20
656.619434
 30
0.0
 10
795.923189
 20
657.186101
 30
0.0
 10
798.323189
 20
656.752768
 30
0.0
 10
799.556523
 20
657.986101
 30
0.0
 10
799.756523
 20
659.986101
 30
0.0
 10
799.023189
 20
662.019434
 30
0.0
 10
798.489856
 20
662.619434
 30
0.0
 10
795.856523
 20
662.986101
 30
0.0
 10
794.356523
 20
664.319434
 30
0.0
 10
793.889856
 20
665.486101
 30
0.0
 10
791.456523
 20
668.386101
 30
0.0
 10
791.023189
 20
670.119435
 30
0.0
 10
790.989909
 20
670.319435
 30
0.0
 10
789.789909
 20
671.019435
 30
0.0
 10
788.923243
 20
671.152768
 30
0.0
 10
787.123243
 20
671.452768
 30
0.0
 10
786.323243
 20
671.186101
 30
0.0
 10
786.289963
 20
671.186101
 30
0.0
 10
782.456629
 20
672.186101
 30
0.0
 10
782.323296
 20
672.219435
 30
0.0
 10
781.923296
 20
673.252768
 30
0.0
 10
781.689963
 20
673.819435
 30
0.0
 10
779.089963
 20
674.552768
 30
0.0
 10
778.456629
 20
675.852768
 30
0.0
 10
771.289963
 20
683.686101
 30
0.0
 10
767.389963
 20
686.219435
 30
0.0
 10
765.556629
 20
686.919435
 30
0.0
 10
762.923296
 20
687.052768
 30
0.0
 10
761.923296
 20
685.119435
 30
0.0
 10
759.423296
 20
682.586101
 30
0.0
 10
759.456576
 20
680.619435
 30
0.0
 10
758.956576
 20
678.452768
 30
0.0
 10
759.256576
 20
676.886101
 30
0.0
 10
756.989909
 20
675.419435
 30
0.0
 10
755.356576
 20
672.519435
 30
0.0
 10
757.956576
 20
671.219435
 30
0.0
 10
758.056523
 20
669.886101
 30
0.0
 10
758.989856
 20
668.386101
 30
0.0
 10
758.956576
 20
668.286101
 30
0.0
 10
758.223243
 20
666.086101
 30
0.0
 10
758.023243
 20
663.919434
 30
0.0
 10
758.823243
 20
661.186101
 30
0.0
 10
758.956576
 20
658.986101
 30
0.0
 10
758.423243
 20
655.919434
 30
0.0
 10
759.823243
 20
654.352768
 30
0.0
 10
760.323243
 20
652.119434
 30
0.0
 10
759.489909
 20
650.886101
 30
0.0
 10
759.323243
 20
647.252768
 30
0.0
 10
758.423243
 20
645.452768
 30
0.0
 10
756.723243
 20
644.319435
 30
0.0
 10
756.056576
 20
643.419435
 30
0.0
 10
755.956629
 20
643.319435
 30
0.0
 10
755.989909
 20
641.786101
 30
0.0
 10
756.523243
 20
640.886101
 30
0.0
 10
756.823243
 20
640.419435
 30
0.0
 10
756.656576
 20
637.286101
 30
0.0
 10
755.189909
 20
635.886101
 30
0.0
 10
752.623243
 20
634.852768
 30
0.0
 10
750.123243
 20
631.219435
 30
0.0
 10
749.156576
 20
631.552768
 30
0.0
 10
748.523243
 20
633.519435
 30
0.0
 10
747.823243
 20
633.919435
 30
0.0
 10
747.323243
 20
633.552768
 30
0.0
 10
747.056576
 20
632.586101
 30
0.0
 10
747.289909
 20
630.552768
 30
0.0
 10
746.156576
 20
628.886101
 30
0.0
 10
746.723243
 20
626.719435
 30
0.0
 10
746.556576
 20
625.486101
 30
0.0
 10
743.956576
 20
623.719435
 30
0.0
 10
743.889909
 20
623.286101
 30
0.0
 10
743.589909
 20
621.786101
 30
0.0
 10
742.623243
 20
620.819435
 30
0.0
 10
740.856576
 20
620.819435
 30
0.0
 10
735.056576
 20
624.919435
 30
0.0
 10
732.723243
 20
625.619435
 30
0.0
 10
731.956576
 20
626.452768
 30
0.0
 10
730.856576
 20
629.319435
 30
0.0
 10
730.023243
 20
630.519435
 30
0.0
 10
726.256576
 20
631.186101
 30
0.0
 10
724.456576
 20
632.152768
 30
0.0
 10
722.789909
 20
633.919435
 30
0.0
 10
722.056576
 20
634.686101
 30
0.0
 10
720.323243
 20
635.219435
 30
0.0
 10
719.056576
 20
634.919435
 30
0.0
 10
718.456576
 20
633.786101
 30
0.0
 10
717.789909
 20
632.619435
 30
0.0
 10
716.756576
 20
632.452768
 30
0.0
 10
714.089909
 20
634.252768
 30
0.0
 10
711.189909
 20
637.419435
 30
0.0
 10
710.523243
 20
638.119435
 30
0.0
 10
709.289909
 20
639.486101
 30
0.0
 10
707.123243
 20
641.152768
 30
0.0
 10
704.556576
 20
640.786101
 30
0.0
 10
704.389909
 20
638.552768
 30
0.0
 10
704.323243
 20
637.819435
 30
0.0
 10
702.489909
 20
636.486101
 30
0.0
 10
701.223243
 20
636.219435
 30
0.0
 10
699.956576
 20
635.952768
 30
0.0
 10
699.623243
 20
635.786101
 30
0.0
 10
697.823243
 20
634.819435
 30
0.0
 10
697.723296
 20
634.752768
 30
0.0
 10
697.223296
 20
634.486101
 30
0.0
 10
697.023296
 20
634.386101
 30
0.0
 10
695.156629
 20
633.319435
 30
0.0
 10
693.523296
 20
632.352768
 30
0.0
 10
693.356629
 20
631.519435
 30
0.0
 10
693.223296
 20
630.786101
 30
0.0
 10
693.223296
 20
630.686101
 30
0.0
 10
693.323243
 20
630.352768
 30
0.0
 10
693.689909
 20
629.019435
 30
0.0
 10
694.889909
 20
627.619435
 30
0.0
 10
695.123243
 20
626.786101
 30
0.0
 10
695.389909
 20
625.986101
 30
0.0
 10
694.656576
 20
624.019435
 30
0.0
 10
694.823243
 20
623.686101
 30
0.0
 10
695.956576
 20
621.352768
 30
0.0
 10
696.023243
 20
621.252768
 30
0.0
 10
696.123189
 20
619.886101
 30
0.0
 10
695.556523
 20
616.986101
 30
0.0
 10
695.323189
 20
614.886101
 30
0.0
 10
694.823189
 20
614.019435
 30
0.0
 10
692.056523
 20
607.852768
 30
0.0
 10
691.923189
 20
607.386101
 30
0.0
 10
691.656523
 20
606.552768
 30
0.0
 10
691.423189
 20
605.886101
 30
0.0
 10
691.256523
 20
605.386101
 30
0.0
 10
691.523189
 20
604.919435
 30
0.0
 10
692.423189
 20
603.319435
 30
0.0
 10
692.923189
 20
602.219435
 30
0.0
 10
692.989856
 20
601.952768
 30
0.0
 10
693.523189
 20
600.386101
 30
0.0
 10
693.689856
 20
599.486101
 30
0.0
 10
691.023189
 20
593.586101
 30
0.0
 10
690.489856
 20
592.386101
 30
0.0
 10
689.256523
 20
585.319435
 30
0.0
 10
686.256523
 20
582.619435
 30
0.0
 10
680.189856
 20
578.152768
 30
0.0
 10
678.556523
 20
575.352768
 30
0.0
 10
677.423189
 20
574.152768
 30
0.0
 10
676.689856
 20
573.352768
 30
0.0
 10
674.923189
 20
571.519435
 30
0.0
 10
674.356523
 20
571.119435
 30
0.0
 10
674.256576
 20
571.052768
 30
0.0
 10
673.989909
 20
570.852768
 30
0.0
 10
671.389909
 20
568.952768
 30
0.0
 10
670.756576
 20
568.486101
 30
0.0
 10
668.656576
 20
567.286101
 30
0.0
 10
662.456576
 20
563.719435
 30
0.0
 10
661.123243
 20
563.319435
 30
0.0
 10
651.456576
 20
564.119435
 30
0.0
 10
650.823243
 20
564.152768
 30
0.0
 10
648.689909
 20
563.586101
 30
0.0
 10
647.089909
 20
563.186101
 30
0.0
 10
646.723243
 20
563.086101
 30
0.0
 10
644.223243
 20
561.619435
 30
0.0
 10
641.589909
 20
560.052768
 30
0.0
 10
639.323243
 20
559.719435
 30
0.0
 10
633.156576
 20
559.952768
 30
0.0
 10
631.823243
 20
559.186101
 30
0.0
 10
631.423243
 20
558.952768
 30
0.0
 10
629.489909
 20
557.786101
 30
0.0
 10
628.656576
 20
557.319435
 30
0.0
 10
628.089909
 20
556.986101
 30
0.0
 10
628.023243
 20
556.919435
 30
0.0
 10
624.689909
 20
555.519435
 30
0.0
 10
623.723243
 20
555.119435
 30
0.0
 10
623.423243
 20
554.819435
 30
0.0
 10
622.889909
 20
554.352768
 30
0.0
 10
621.556576
 20
554.419435
 30
0.0
 10
620.456576
 20
553.386101
 30
0.0
 10
619.823243
 20
552.719435
 30
0.0
 10
618.889909
 20
549.919435
 30
0.0
 10
616.823243
 20
547.352768
 30
0.0
 10
616.656576
 20
547.152768
 30
0.0
 10
611.623243
 20
542.852768
 30
0.0
 10
610.956576
 20
542.252768
 30
0.0
 10
608.856576
 20
541.186101
 30
0.0
 10
605.656576
 20
541.486101
 30
0.0
 10
603.123243
 20
540.986101
 30
0.0
 10
602.556576
 20
540.852768
 30
0.0
 10
599.956576
 20
540.352768
 30
0.0
 10
597.256576
 20
540.419435
 30
0.0
 10
595.256576
 20
538.919435
 30
0.0
 10
595.056576
 20
538.152768
 30
0.0
 10
594.823243
 20
537.352768
 30
0.0
 10
594.656576
 20
536.752768
 30
0.0
 10
594.356576
 20
535.619435
 30
0.0
 10
593.589909
 20
534.852768
 30
0.0
 10
592.256576
 20
533.219435
 30
0.0
 10
592.089909
 20
531.752768
 30
0.0
 10
591.523243
 20
530.719435
 30
0.0
 10
590.056576
 20
530.552768
 30
0.0
 10
589.256576
 20
528.686101
 30
0.0
 10
588.756576
 20
527.586101
 30
0.0
 10
588.556576
 20
527.152768
 30
0.0
 10
587.156576
 20
526.852768
 30
0.0
 10
586.723243
 20
526.719435
 30
0.0
 10
585.189909
 20
526.352768
 30
0.0
 10
584.956576
 20
526.319488
 30
0.0
 10
583.556576
 20
524.952821
 30
0.0
 10
583.523296
 20
524.886155
 30
0.0
 10
582.823296
 20
522.886155
 30
0.0
 10
581.489963
 20
519.119488
 30
0.0
 10
580.789963
 20
519.219435
 30
0.0
 10
579.156629
 20
520.819435
 30
0.0
 10
578.056629
 20
520.886101
 30
0.0
 10
577.356629
 20
520.919381
 30
0.0
 10
577.089963
 20
520.586048
 30
0.0
 10
576.556629
 20
519.919381
 30
0.0
 10
576.589909
 20
517.786048
 30
0.0
 10
575.223243
 20
516.252715
 30
0.0
 10
574.789909
 20
515.186048
 30
0.0
 10
576.123243
 20
509.152715
 30
0.0
 10
577.056576
 20
506.552715
 30
0.0
 10
577.989909
 20
505.586048
 30
0.0
 10
578.023189
 20
505.552768
 30
0.0
 10
578.423189
 20
505.152768
 30
0.0
 10
580.056523
 20
503.652768
 30
0.0
 10
580.289856
 20
503.452768
 30
0.0
 10
586.556523
 20
498.452768
 30
0.0
 10
587.656523
 20
496.952768
 30
0.0
 10
588.356523
 20
496.052768
 30
0.0
 10
591.456523
 20
493.719435
 30
0.0
 10
592.923189
 20
492.619435
 30
0.0
 10
593.489856
 20
492.319435
 30
0.0
 10
594.256523
 20
490.252768
 30
0.0
 10
594.523189
 20
487.752768
 30
0.0
 10
594.889856
 20
486.286101
 30
0.0
 10
595.923189
 20
482.052768
 30
0.0
 10
597.123189
 20
479.152768
 30
0.0
 10
598.256523
 20
478.019435
 30
0.0
 10
602.856523
 20
477.419435
 30
0.0
 10
604.589856
 20
476.619435
 30
0.0
 10
605.256523
 20
473.186101
 30
0.0
 10
606.323189
 20
473.052768
 30
0.0
 10
607.189856
 20
473.852768
 30
0.0
 10
607.456523
 20
474.086101
 30
0.0
 10
608.023189
 20
474.186048
 30
0.0
 10
608.323189
 20
473.586048
 30
0.0
 10
607.789856
 20
471.786048
 30
0.0
 10
607.889803
 20
470.486048
 30
0.0
 10
608.256469
 20
469.486048
 30
0.0
 10
609.689803
 20
467.652715
 30
0.0
 10
610.923136
 20
466.052715
 30
0.0
 10
612.723136
 20
462.886048
 30
0.0
 10
613.989803
 20
460.219381
 30
0.0
 10
617.556469
 20
452.852715
 30
0.0
 10
619.356469
 20
450.252715
 30
0.0
 10
619.756469
 20
449.786048
 30
0.0
 10
620.323136
 20
449.119381
 30
0.0
 10
619.989803
 20
448.419381
 30
0.0
 10
619.923136
 20
448.252715
 30
0.0
 10
618.589803
 20
445.386048
 30
0.0
 10
618.323136
 20
445.052715
 30
0.0
 10
618.056469
 20
444.686048
 30
0.0
 10
617.456469
 20
443.919381
 30
0.0
 10
616.189803
 20
442.319381
 30
0.0
 10
611.989803
 20
434.052715
 30
0.0
 10
608.889803
 20
430.552715
 30
0.0
 10
608.289803
 20
429.386048
 30
0.0
 10
608.823136
 20
427.786048
 30
0.0
 10
608.823136
 20
427.686101
 30
0.0
 10
608.656469
 20
425.086101
 30
0.0
 10
607.823136
 20
423.786101
 30
0.0
 10
602.723136
 20
419.786101
 30
0.0
 10
602.489803
 20
418.152768
 30
0.0
 10
603.789803
 20
416.952768
 30
0.0
 10
606.389803
 20
413.652768
 30
0.0
 10
606.723136
 20
413.652768
 30
0.0
 10
615.123136
 20
412.286101
 30
0.0
 10
617.023136
 20
413.452768
 30
0.0
 10
621.123136
 20
415.619435
 30
0.0
 10
622.523136
 20
415.886101
 30
0.0
 10
625.289803
 20
414.286101
 30
0.0
 10
625.856469
 20
413.652768
 30
0.0
 10
631.223136
 20
407.819435
 30
0.0
 10
632.623136
 20
402.519435
 30
0.0
 10
634.856469
 20
396.919435
 30
0.0
 10
635.323136
 20
394.152768
 30
0.0
 10
633.823136
 20
391.419435
 30
0.0
 10
631.456469
 20
389.519435
 30
0.0
 10
630.723136
 20
387.786101
 30
0.0
 10
630.723136
 20
383.819435
 30
0.0
 10
630.323136
 20
381.486101
 30
0.0
 10
629.256469
 20
380.386101
 30
0.0
 10
626.123136
 20
380.486048
 30
0.0
 10
625.456469
 20
379.019381
 30
0.0
 10
625.756469
 20
376.786048
 30
0.0
 10
628.123136
 20
376.019381
 30
0.0
 10
628.323136
 20
375.486048
 30
0.0
 10
625.156469
 20
370.952715
 30
0.0
 10
624.523136
 20
368.552715
 30
0.0
 10
625.856469
 20
365.119381
 30
0.0
 10
626.623136
 20
360.986048
 30
0.0
 10
626.323136
 20
358.352715
 30
0.0
 10
625.389803
 20
357.219381
 30
0.0
 10
623.089803
 20
356.419381
 30
0.0
 10
622.123136
 20
353.952715
 30
0.0
 10
619.989803
 20
351.952715
 30
0.0
 10
619.123136
 20
352.086048
 30
0.0
 10
615.189803
 20
355.419381
 30
0.0
 10
614.423136
 20
353.919381
 30
0.0
 10
612.623136
 20
353.986048
 30
0.0
 10
607.723136
 20
357.286048
 30
0.0
 10
603.989803
 20
359.152715
 30
0.0
 10
599.956469
 20
361.819381
 30
0.0
 10
598.156469
 20
365.586048
 30
0.0
 10
594.956469
 20
367.119381
 30
0.0
 10
593.523136
 20
368.252715
 30
0.0
 10
592.589803
 20
371.119381
 30
0.0
 10
592.889803
 20
371.119381
 30
0.0
 10
592.056469
 20
372.019381
 30
0.0
 10
588.723136
 20
371.552715
 30
0.0
 10
585.389803
 20
372.252715
 30
0.0
 10
580.923136
 20
377.352715
 30
0.0
 10
580.523136
 20
379.019381
 30
0.0
 10
580.689803
 20
380.486048
 30
0.0
 10
584.623136
 20
386.752715
 30
0.0
 10
587.656469
 20
387.586048
 30
0.0
 10
587.389803
 20
388.419381
 30
0.0
 10
583.356469
 20
392.419381
 30
0.0
 10
581.956469
 20
392.986048
 30
0.0
 10
580.023136
 20
393.752715
 30
0.0
 10
579.856469
 20
393.986048
 30
0.0
 10
578.523136
 20
396.986048
 30
0.0
 10
578.323136
 20
399.019381
 30
0.0
 10
580.389803
 20
401.686048
 30
0.0
 10
580.289856
 20
403.619381
 30
0.0
 10
580.256576
 20
403.719328
 30
0.0
 10
578.923243
 20
402.652661
 30
0.0
 10
576.389909
 20
402.119328
 30
0.0
 10
575.856576
 20
403.119328
 30
0.0
 10
575.356576
 20
404.019328
 30
0.0
 10
574.123243
 20
404.785995
 30
0.0
 10
569.889909
 20
404.819275
 30
0.0
 10
567.656576
 20
405.652608
 30
0.0
 10
567.656576
 20
405.852608
 30
0.0
 10
564.756576
 20
406.619275
 30
0.0
 10
561.456576
 20
406.885941
 30
0.0
 10
558.223243
 20
403.785941
 30
0.0
 10
558.189963
 20
403.752661
 30
0.0
 10
556.823296
 20
403.852608
 30
0.0
 10
554.523296
 20
405.052608
 30
0.0
 10
552.656629
 20
404.785941
 30
0.0
 10
549.723296
 20
403.152608
 30
0.0
 10
548.123296
 20
401.119275
 30
0.0
 10
545.856629
 20
394.919275
 30
0.0
 10
545.389963
 20
394.385941
 30
0.0
 10
545.023296
 20
393.985941
 30
0.0
 10
541.456629
 20
394.652608
 30
0.0
 10
538.423299
 20
394.585941
 30
0.0
 10
534.323299
 20
391.819275
 30
0.0
 10
534.323299
 20
391.585941
 30
0.0
 10
532.456633
 20
391.619221
 30
0.0
 10
531.423299
 20
392.652555
 30
0.0
 10
530.323299
 20
395.085888
 30
0.0
 10
528.089966
 20
397.452555
 30
0.0
 10
527.789966
 20
397.485835
 30
0.0
 10
525.423299
 20
401.252501
 30
0.0
 10
524.656633
 20
402.519168
 30
0.0
 10
522.689966
 20
405.619168
 30
0.0
 10
522.289966
 20
409.452501
 30
0.0
 10
520.323299
 20
410.352501
 30
0.0
 10
518.123299
 20
410.152501
 30
0.0
 10
513.656633
 20
408.352501
 30
0.0
 10
513.089966
 20
408.119168
 30
0.0
 10
510.823299
 20
407.385835
 30
0.0
 10
509.389966
 20
407.719168
 30
0.0
 10
507.723299
 20
409.152501
 30
0.0
 10
503.189966
 20
410.352501
 30
0.0
 10
496.323299
 20
409.085835
 30
0.0
 10
491.789966
 20
405.619168
 30
0.0
 10
490.356633
 20
405.985835
 30
0.0
 10
490.189966
 20
406.185835
 30
0.0
 10
489.323299
 20
407.085835
 30
0.0
 10
488.656633
 20
408.852501
 30
0.0
 10
488.923299
 20
412.319168
 30
0.0
 10
492.056633
 20
419.919168
 30
0.0
 10
491.223299
 20
421.819168
 30
0.0
 10
490.123299
 20
421.819168
 30
0.0
 10
488.123299
 20
420.552501
 30
0.0
 10
484.523299
 20
415.719168
 30
0.0
 10
481.923299
 20
413.819168
 30
0.0
 10
478.823299
 20
413.219168
 30
0.0
 10
477.723299
 20
412.252501
 30
0.0
 10
477.156633
 20
411.752501
 30
0.0
 10
476.556633
 20
411.252501
 30
0.0
 10
474.889966
 20
410.952501
 30
0.0
 10
475.856633
 20
407.385835
 30
0.0
 10
477.089966
 20
405.252501
 30
0.0
 10
479.623299
 20
399.619168
 30
0.0
 10
479.623299
 20
399.585888
 30
0.0
 10
479.823299
 20
398.985888
 30
0.0
 10
480.623299
 20
396.685888
 30
0.0
 10
480.889966
 20
395.585888
 30
0.0
 10
481.889966
 20
391.252555
 30
0.0
 10
481.723299
 20
391.219275
 30
0.0
 10
480.189966
 20
390.752608
 30
0.0
 10
479.789966
 20
390.652661
 30
0.0
 10
477.789966
 20
390.085995
 30
0.0
 10
474.923299
 20
389.285995
 30
0.0
 10
474.123299
 20
389.052661
 30
0.0
 10
469.823299
 20
387.219328
 30
0.0
 10
466.589966
 20
388.352661
 30
0.0
 10
462.156633
 20
387.819328
 30
0.0
 10
457.423299
 20
389.985995
 30
0.0
 10
455.156633
 20
389.452661
 30
0.0
 10
453.889966
 20
389.919328
 30
0.0
 10
450.356633
 20
388.719328
 30
0.0
 10
448.223299
 20
391.152661
 30
0.0
 10
446.523299
 20
391.285995
 30
0.0
 10
446.323299
 20
391.319275
 30
0.0
 10
444.089966
 20
390.552608
 30
0.0
 10
442.556632
 20
389.119275
 30
0.0
 10
441.289966
 20
389.552608
 30
0.0
 10
439.656632
 20
389.385941
 30
0.0
 10
438.289966
 20
389.285995
 30
0.0
 10
431.689966
 20
389.452661
 30
0.0
 10
428.656632
 20
388.319328
 30
0.0
 10
427.356632
 20
387.852661
 30
0.0
 10
424.623299
 20
386.285995
 30
0.0
 10
421.256633
 20
386.219328
 30
0.0
 10
420.689966
 20
385.619328
 30
0.0
 10
420.356633
 20
383.019328
 30
0.0
 10
419.789966
 20
381.452661
 30
0.0
 10
418.789966
 20
381.152661
 30
0.0
 10
413.756633
 20
381.785995
 30
0.0
 10
409.523299
 20
383.052661
 30
0.0
 10
409.189966
 20
383.052661
 30
0.0
 10
407.789966
 20
383.085941
 30
0.0
 10
403.089966
 20
382.419275
 30
0.0
 10
394.689966
 20
382.419275
 30
0.0
 10
392.289966
 20
381.919275
 30
0.0
 10
388.923299
 20
381.752608
 30
0.0
 10
387.356633
 20
381.585941
 30
0.0
 10
384.556633
 20
383.619275
 30
0.0
 10
383.723299
 20
382.652608
 30
0.0
 10
382.623299
 20
382.685888
 30
0.0
 10
380.489966
 20
382.685888
 30
0.0
 10
379.023299
 20
381.119221
 30
0.0
 10
378.823299
 20
380.719221
 30
0.0
 10
375.756633
 20
374.185888
 30
0.0
 10
375.089966
 20
370.785888
 30
0.0
 10
375.823299
 20
367.019221
 30
0.0
 10
372.723299
 20
364.619221
 30
0.0
 10
369.789966
 20
363.619221
 30
0.0
 10
366.256633
 20
363.285888
 30
0.0
 10
362.989966
 20
363.619221
 30
0.0
 10
361.389966
 20
362.185888
 30
0.0
 10
358.523299
 20
362.085941
 30
0.0
 10
358.556633
 20
362.319275
 30
0.0
 10
352.989966
 20
363.185941
 30
0.0
 10
350.856633
 20
364.319275
 30
0.0
 10
350.156633
 20
364.719275
 30
0.0
 10
346.789966
 20
362.619275
 30
0.0
 10
343.823299
 20
357.219275
 30
0.0
 10
341.489966
 20
355.852608
 30
0.0
 10
340.689966
 20
353.985941
 30
0.0
 10
340.923299
 20
352.585941
 30
0.0
 10
342.289966
 20
351.685941
 30
0.0
 10
345.356633
 20
352.452608
 30
0.0
 10
345.756633
 20
349.152608
 30
0.0
 10
347.889966
 20
345.885941
 30
0.0
 10
345.456633
 20
346.485941
 30
0.0
 10
342.589966
 20
347.619275
 30
0.0
 10
341.523299
 20
347.052608
 30
0.0
 10
339.289966
 20
347.352608
 30
0.0
 10
337.589966
 20
346.219275
 30
0.0
 10
336.389966
 20
347.419275
 30
0.0
 10
333.223299
 20
347.719275
 30
0.0
 10
331.689966
 20
347.019275
 30
0.0
 10
330.556633
 20
344.419275
 30
0.0
 10
328.756633
 20
343.019275
 30
0.0
 10
325.456633
 20
342.619275
 30
0.0
 10
324.356629
 20
341.019275
 30
0.0
 10
324.389909
 20
338.619275
 30
0.0
 10
323.589909
 20
336.019275
 30
0.0
 10
321.223243
 20
334.819275
 30
0.0
 10
320.623243
 20
334.519275
 30
0.0
 10
320.123243
 20
334.252608
 30
0.0
 10
319.389909
 20
334.285888
 30
0.0
 10
317.923243
 20
334.319168
 30
0.0
 10
313.656576
 20
334.219221
 30
0.0
 10
313.356576
 20
335.519221
 30
0.0
 10
314.856576
 20
338.752555
 30
0.0
 10
317.256576
 20
341.719221
 30
0.0
 10
317.289856
 20
341.752501
 30
0.0
 10
316.823189
 20
342.385835
 30
0.0
 10
315.956523
 20
343.219168
 30
0.0
 10
313.023189
 20
343.152501
 30
0.0
 10
309.489856
 20
343.285835
 30
0.0
 10
308.389856
 20
341.952501
 30
0.0
 10
303.723189
 20
340.885835
 30
0.0
 10
297.889856
 20
338.752501
 30
0.0
 10
295.623189
 20
337.485835
 30
0.0
 10
295.523243
 20
334.952501
 30
0.0
 10
294.223243
 20
333.819168
 30
0.0
 10
291.389909
 20
333.585835
 30
0.0
 10
286.023243
 20
333.885835
 30
0.0
 10
281.523243
 20
333.752501
 30
0.0
 10
279.223243
 20
333.452501
 30
0.0
 10
275.789909
 20
334.352501
 30
0.0
 10
273.856576
 20
333.585835
 30
0.0
 10
272.556576
 20
333.585835
 30
0.0
 10
271.056576
 20
334.452501
 30
0.0
 10
269.923243
 20
335.985835
 30
0.0
 10
270.523243
 20
337.852501
 30
0.0
 10
270.789909
 20
337.852501
 30
0.0
 10
271.523243
 20
339.285835
 30
0.0
 10
271.189909
 20
339.285835
 30
0.0
 10
271.756576
 20
341.685835
 30
0.0
 10
271.456576
 20
342.985835
 30
0.0
 10
270.589909
 20
343.885835
 30
0.0
 10
265.423243
 20
349.319168
 30
0.0
 10
263.756576
 20
352.219168
 30
0.0
 10
263.623243
 20
352.452501
 30
0.0
 10
263.223243
 20
354.852501
 30
0.0
 10
263.056576
 20
354.985835
 30
0.0
 10
261.889909
 20
355.919168
 30
0.0
 10
257.323243
 20
356.319168
 30
0.0
 10
254.756576
 20
355.652501
 30
0.0
 10
252.923243
 20
355.819168
 30
0.0
 10
251.823243
 20
357.552501
 30
0.0
 10
252.889909
 20
360.652501
 30
0.0
 10
253.589909
 20
361.419168
 30
0.0
 10
259.423243
 20
362.952501
 30
0.0
 10
260.256576
 20
364.019168
 30
0.0
 10
259.823243
 20
365.152501
 30
0.0
 10
259.123243
 20
366.019168
 30
0.0
 10
257.789909
 20
367.619168
 30
0.0
 10
255.256576
 20
368.619168
 30
0.0
 10
251.023243
 20
368.819168
 30
0.0
 10
247.389909
 20
367.119168
 30
0.0
 10
247.389909
 20
367.352501
 30
0.0
 10
244.123243
 20
366.919168
 30
0.0
 10
244.123243
 20
366.685835
 30
0.0
 10
240.023243
 20
364.252501
 30
0.0
 10
237.156576
 20
364.019168
 30
0.0
 10
235.523243
 20
364.652501
 30
0.0
 10
234.956576
 20
365.052501
 30
0.0
 10
233.123243
 20
367.819168
 30
0.0
 10
231.923243
 20
368.652501
 30
0.0
 10
228.723243
 20
368.852501
 30
0.0
 10
223.389909
 20
371.485835
 30
0.0
 10
222.123243
 20
373.019168
 30
0.0
 10
221.189909
 20
374.119168
 30
0.0
 10
220.789909
 20
374.585835
 30
0.0
 10
220.423243
 20
375.052501
 30
0.0
 10
215.589909
 20
375.552501
 30
0.0
 10
212.123243
 20
375.419168
 30
0.0
 10
210.623243
 20
375.819168
 30
0.0
 10
207.356576
 20
376.685835
 30
0.0
 10
206.256576
 20
376.319168
 30
0.0
 10
205.789909
 20
376.085835
 30
0.0
 10
204.056576
 20
375.152501
 30
0.0
 10
203.089909
 20
372.685835
 30
0.0
 10
201.689909
 20
369.252501
 30
0.0
 10
200.589909
 20
368.652501
 30
0.0
 10
198.423243
 20
368.919168
 30
0.0
 10
193.589909
 20
368.552501
 30
0.0
 10
190.923243
 20
368.819168
 30
0.0
 10
187.423243
 20
370.319168
 30
0.0
 10
183.856576
 20
372.719168
 30
0.0
 10
181.956576
 20
373.985835
 30
0.0
 10
181.489909
 20
374.685835
 30
0.0
 10
183.256576
 20
377.119168
 30
0.0
 10
183.289856
 20
378.352501
 30
0.0
 10
184.956523
 20
380.719168
 30
0.0
 10
184.423189
 20
381.752501
 30
0.0
 10
179.389856
 20
381.719221
 30
0.0
 10
177.656523
 20
381.119221
 30
0.0
 10
177.189856
 20
380.019221
 30
0.0
 10
177.356523
 20
377.752555
 30
0.0
 10
179.023189
 20
376.085888
 30
0.0
 10
179.256523
 20
376.085888
 30
0.0
 10
180.156523
 20
374.319221
 30
0.0
 10
178.923189
 20
368.419221
 30
0.0
 10
177.823189
 20
364.819221
 30
0.0
 10
176.823189
 20
361.519221
 30
0.0
 10
176.789909
 20
360.419221
 30
0.0
 10
177.356576
 20
359.052555
 30
0.0
 10
178.623243
 20
356.185888
 30
0.0
 10
181.989909
 20
354.252555
 30
0.0
 10
182.756576
 20
352.519221
 30
0.0
 10
182.456576
 20
346.785888
 30
0.0
 10
184.389909
 20
344.152555
 30
0.0
 10
184.456576
 20
343.219221
 30
0.0
 10
183.123243
 20
341.685888
 30
0.0
 10
181.623243
 20
340.919221
 30
0.0
 10
177.689909
 20
336.519221
 30
0.0
 10
176.723243
 20
334.852555
 30
0.0
 10
177.256576
 20
331.819221
 30
0.0
 10
176.856576
 20
330.552555
 30
0.0
 10
174.789909
 20
329.419221
 30
0.0
 10
170.823243
 20
327.752555
 30
0.0
 10
169.156576
 20
325.619221
 30
0.0
 10
168.223243
 20
322.785888
 30
0.0
 10
165.056576
 20
320.119221
 30
0.0
 10
163.689909
 20
317.719221
 30
0.0
 10
161.889909
 20
312.485888
 30
0.0
 10
160.356576
 20
311.052555
 30
0.0
 10
159.823243
 20
310.919221
 30
0.0
 10
157.323243
 20
310.319221
 30
0.0
 10
153.623243
 20
308.285888
 30
0.0
 10
151.689909
 20
307.785888
 30
0.0
 10
147.623243
 20
305.552555
 30
0.0
 10
142.623243
 20
302.385888
 30
0.0
 10
139.856576
 20
302.785888
 30
0.0
 10
137.389909
 20
301.819221
 30
0.0
 10
133.589909
 20
301.185888
 30
0.0
 10
133.523243
 20
301.152608
 30
0.0
 10
132.456576
 20
303.052608
 30
0.0
 10
132.389909
 20
304.585941
 30
0.0
 10
133.756576
 20
306.485941
 30
0.0
 10
137.589909
 20
308.685941
 30
0.0
 10
139.589909
 20
310.719275
 30
0.0
 10
139.523243
 20
312.285941
 30
0.0
 10
137.656576
 20
314.285941
 30
0.0
 10
137.589909
 20
315.919275
 30
0.0
 10
139.189909
 20
320.419275
 30
0.0
 10
140.856576
 20
322.619275
 30
0.0
 10
142.956576
 20
326.752608
 30
0.0
 10
143.089909
 20
328.752608
 30
0.0
 10
142.089909
 20
330.119275
 30
0.0
 10
141.756576
 20
330.352608
 30
0.0
 10
141.056576
 20
330.785941
 30
0.0
 10
138.856576
 20
330.419275
 30
0.0
 10
136.956576
 20
330.352608
 30
0.0
 10
134.956576
 20
332.152608
 30
0.0
 10
133.923243
 20
331.619275
 30
0.0
 10
131.623243
 20
331.219275
 30
0.0
 10
131.789909
 20
327.519275
 30
0.0
 10
130.823243
 20
325.919275
 30
0.0
 10
127.589909
 20
325.519275
 30
0.0
 10
124.456576
 20
327.552608
 30
0.0
 10
123.623243
 20
327.319275
 30
0.0
 10
123.589963
 20
327.319275
 30
0.0
 10
121.956629
 20
324.752608
 30
0.0
 10
120.856629
 20
323.919275
 30
0.0
 10
119.689963
 20
324.019221
 30
0.0
 10
118.823296
 20
329.485888
 30
0.0
 10
118.056629
 20
331.485888
 30
0.0
 10
114.789963
 20
337.152555
 30
0.0
 10
116.589963
 20
337.919221
 30
0.0
 10
119.323296
 20
340.452555
 30
0.0
 10
120.289963
 20
342.019221
 30
0.0
 10
119.756629
 20
343.852555
 30
0.0
 10
119.356629
 20
347.319221
 30
0.0
 10
118.889963
 20
347.719221
 30
0.0
 10
115.489963
 20
347.552555
 30
0.0
 10
114.589963
 20
348.652555
 30
0.0
 10
112.256629
 20
351.519221
 30
0.0
 10
112.023296
 20
351.519221
 30
0.0
 10
111.323296
 20
355.452555
 30
0.0
 10
111.256629
 20
355.685888
 30
0.0
 10
108.423296
 20
356.419221
 30
0.0
 10
103.556629
 20
356.119221
 30
0.0
 10
103.023296
 20
356.719221
 30
0.0
 10
101.789963
 20
358.052555
 30
0.0
 10
101.423296
 20
360.319221
 30
0.0
 10
99.056629
 20
363.819221
 30
0.0
 10
99.023349
 20
365.352555
 30
0.0
 10
98.990069
 20
367.419221
 30
0.0
 10
98.890123
 20
370.952555
 30
0.0
 10
97.923456
 20
371.819221
 30
0.0
 10
96.956789
 20
370.785888
 30
0.0
 10
95.756789
 20
368.552555
 30
0.0
 10
94.590123
 20
369.252555
 30
0.0
 10
92.856789
 20
369.452555
 30
0.0
 10
90.823456
 20
367.952555
 30
0.0
 10
90.023456
 20
367.652555
 30
0.0
 10
87.623456
 20
370.185888
 30
0.0
 10
86.223456
 20
371.019221
 30
0.0
 10
84.090123
 20
370.719221
 30
0.0
 10
80.890123
 20
367.819221
 30
0.0
 10
80.556789
 20
368.152555
 30
0.0
 10
77.623456
 20
371.419221
 30
0.0
 10
72.023456
 20
371.552555
 30
0.0
 10
71.356789
 20
372.819221
 30
0.0
 10
72.790123
 20
374.685888
 30
0.0
 10
72.890069
 20
377.619221
 30
0.0
 10
71.990069
 20
380.619221
 30
0.0
 10
69.523403
 20
382.385888
 30
0.0
 10
66.456736
 20
382.985888
 30
0.0
 10
63.256736
 20
381.952555
 30
0.0
 10
62.890069
 20
381.319221
 30
0.0
 10
61.923403
 20
379.852555
 30
0.0
 10
59.023403
 20
373.519221
 30
0.0
 10
58.890069
 20
373.285888
 30
0.0
 10
57.923403
 20
370.219221
 30
0.0
 10
57.556736
 20
369.019221
 30
0.0
 10
57.156736
 20
367.819221
 30
0.0
 10
55.223403
 20
367.552555
 30
0.0
 10
50.023403
 20
366.352555
 30
0.0
 10
46.156736
 20
365.919221
 30
0.0
 10
39.090069
 20
365.519221
 30
0.0
 10
32.556736
 20
366.519221
 30
0.0
 10
30.356736
 20
367.852555
 30
0.0
 10
28.690069
 20
368.852555
 30
0.0
 10
24.790069
 20
369.885888
 30
0.0
 10
24.690123
 20
369.085888
 30
0.0
 10
26.956789
 20
361.819221
 30
0.0
 10
29.123456
 20
358.685888
 30
0.0
 10
30.190123
 20
356.985888
 30
0.0
 10
31.956789
 20
354.952555
 30
0.0
 10
33.090123
 20
352.452555
 30
0.0
 10
34.523456
 20
350.919221
 30
0.0
 10
35.423456
 20
351.052555
 30
0.0
 10
36.390123
 20
352.019221
 30
0.0
 10
36.956789
 20
351.985941
 30
0.0
 10
39.390123
 20
349.552608
 30
0.0
 10
41.623456
 20
349.019275
 30
0.0
 10
42.690123
 20
348.952608
 30
0.0
 10
42.723403
 20
348.919328
 30
0.0
 10
43.923403
 20
347.385995
 30
0.0
 10
44.456736
 20
346.752661
 30
0.0
 10
44.256736
 20
346.352661
 30
0.0
 10
43.456736
 20
344.852661
 30
0.0
 10
43.090069
 20
342.652661
 30
0.0
 10
43.223403
 20
341.819328
 30
0.0
 10
43.956736
 20
337.185995
 30
0.0
 10
43.390069
 20
334.185995
 30
0.0
 10
43.390069
 20
334.152715
 30
0.0
 10
44.223403
 20
333.152715
 30
0.0
 10
46.256736
 20
331.152715
 30
0.0
 10
46.856736
 20
329.986048
 30
0.0
 10
46.623403
 20
329.452715
 30
0.0
 10
46.423403
 20
328.986048
 30
0.0
 10
46.156736
 20
328.386048
 30
0.0
 10
45.323403
 20
327.519381
 30
0.0
 10
44.623403
 20
327.419435
 30
0.0
 10
42.990069
 20
327.219435
 30
0.0
 10
42.956789
 20
327.219435
 30
0.0
 10
41.656789
 20
327.019435
 30
0.0
 10
38.890123
 20
326.619435
 30
0.0
 10
38.490123
 20
326.119435
 30
0.0
 10
34.790123
 20
319.752768
 30
0.0
 10
33.323456
 20
316.119435
 30
0.0
 10
33.123456
 20
314.252768
 30
0.0
 10
32.956789
 20
314.019435
 30
0.0
 10
31.590123
 20
311.852768
 30
0.0
 10
29.656789
 20
310.286101
 30
0.0
 10
28.756789
 20
309.852768
 30
0.0
 10
28.490123
 20
309.519435
 30
0.0
 10
27.690123
 20
308.386101
 30
0.0
 10
25.823456
 20
303.452768
 30
0.0
 10
23.323456
 20
300.586101
 30
0.0
 10
27.523456
 20
294.286101
 30
0.0
 10
28.023456
 20
292.886101
 30
0.0
 10
26.656789
 20
289.452768
 30
0.0
 10
27.456789
 20
288.119435
 30
0.0
 10
28.356789
 20
287.152768
 30
0.0
 10
28.690123
 20
286.786101
 30
0.0
 10
28.790069
 20
286.686155
 30
0.0
 10
29.356736
 20
286.086155
 30
0.0
 10
30.256736
 20
285.119488
 30
0.0
 10
30.890069
 20
284.419488
 30
0.0
 10
31.023403
 20
283.186155
 30
0.0
 10
29.590069
 20
280.219488
 30
0.0
 10
29.790069
 20
277.452821
 30
0.0
 10
29.090069
 20
275.652821
 30
0.0
 10
29.556736
 20
274.786155
 30
0.0
 10
30.656736
 20
274.886101
 30
0.0
 10
33.323403
 20
273.519435
 30
0.0
 10
33.323403
 20
273.486155
 30
0.0
 10
35.356736
 20
269.952821
 30
0.0
 10
37.490069
 20
269.719488
 30
0.0
 10
38.923403
 20
263.552821
 30
0.0
 10
38.456736
 20
260.952821
 30
0.0
 10
39.856736
 20
255.419488
 30
0.0
 10
39.423403
 20
253.852821
 30
0.0
 10
36.656736
 20
251.086155
 30
0.0
 10
35.523403
 20
248.452821
 30
0.0
 10
34.956736
 20
245.986155
 30
0.0
 10
35.423403
 20
245.886208
 30
0.0
 10
38.956736
 20
244.886208
 30
0.0
 10
41.523403
 20
246.152875
 30
0.0
 10
45.890069
 20
245.819541
 30
0.0
 10
51.490069
 20
243.752875
 30
0.0
 10
54.556736
 20
242.619541
 30
0.0
 10
54.556736
 20
242.319541
 30
0.0
 10
58.523403
 20
241.852875
 30
0.0
 10
61.190069
 20
240.986208
 30
0.0
 10
63.256736
 20
241.119541
 30
0.0
 10
65.856736
 20
240.519541
 30
0.0
 10
68.290069
 20
238.152875
 30
0.0
 10
68.290069
 20
237.919541
 30
0.0
 10
70.790069
 20
236.419541
 30
0.0
 10
74.323403
 20
234.186208
 30
0.0
 10
79.856736
 20
236.852875
 30
0.0
 10
81.456736
 20
236.586208
 30
0.0
 10
81.956736
 20
234.819541
 30
0.0
 10
81.290069
 20
232.886208
 30
0.0
 10
84.090069
 20
229.919541
 30
0.0
 10
82.523403
 20
226.352875
 30
0.0
 10
80.923403
 20
221.852875
 30
0.0
 10
82.023403
 20
219.519541
 30
0.0
 10
81.590069
 20
216.219541
 30
0.0
 10
81.490123
 20
214.852875
 30
0.0
 10
83.023456
 20
213.219541
 30
0.0
 10
83.690123
 20
213.252821
 30
0.0
 10
85.723456
 20
212.152821
 30
0.0
 10
85.723456
 20
211.852821
 30
0.0
 10
85.956789
 20
211.752875
 30
0.0
 10
87.056789
 20
211.352875
 30
0.0
 10
89.723456
 20
209.519541
 30
0.0
 10
93.056789
 20
207.919541
 30
0.0
 10
94.423456
 20
208.552875
 30
0.0
 10
96.323456
 20
208.119541
 30
0.0
 10
98.890123
 20
208.119541
 30
0.0
 10
100.023456
 20
206.686208
 30
0.0
 10
101.990123
 20
204.919541
 30
0.0
 10
103.023456
 20
204.852875
 30
0.0
 10
104.023456
 20
204.819595
 30
0.0
 10
104.056736
 20
204.819595
 30
0.0
 10
106.856736
 20
203.786261
 30
0.0
 10
108.590069
 20
201.852928
 30
0.0
 10
110.290069
 20
199.886261
 30
0.0
 10
112.223403
 20
196.086261
 30
0.0
 10
113.623403
 20
195.119595
 30
0.0
 10
114.190069
 20
195.086315
 30
0.0
 10
116.756736
 20
195.019648
 30
0.0
 10
120.990069
 20
190.786315
 30
0.0
 10
122.990069
 20
191.219648
 30
0.0
 10
123.990069
 20
191.219648
 30
0.0
 10
126.123403
 20
191.186368
 30
0.0
 10
127.090069
 20
191.486368
 30
0.0
 10
127.456736
 20
191.586315
 30
0.0
 10
129.623403
 20
192.186315
 30
0.0
 10
130.456736
 20
192.786315
 30
0.0
 10
135.623403
 20
196.319648
 30
0.0
 10
138.423403
 20
197.252981
 30
0.0
 10
138.890069
 20
197.252981
 30
0.0
 10
142.156736
 20
197.286261
 30
0.0
 10
142.423403
 20
197.819595
 30
0.0
 10
142.923403
 20
198.886261
 30
0.0
 10
142.623403
 20
204.986261
 30
0.0
 10
142.423403
 20
204.986261
 30
0.0
 10
143.423403
 20
206.486261
 30
0.0
 10
143.523349
 20
206.652928
 30
0.0
 10
143.756683
 20
206.652928
 30
0.0
 10
144.423349
 20
209.786261
 30
0.0
 10
144.190016
 20
209.786261
 30
0.0
 10
145.923349
 20
212.286261
 30
0.0
 10
146.923349
 20
212.652928
 30
0.0
 10
150.756683
 20
210.619595
 30
0.0
 10
153.023349
 20
210.186261
 30
0.0
 10
153.356683
 20
210.119595
 30
0.0
 10
156.356683
 20
212.552928
 30
0.0
 10
155.423349
 20
215.386261
 30
0.0
 10
155.290016
 20
215.786261
 30
0.0
 10
155.990016
 20
217.086261
 30
0.0
 10
158.356683
 20
218.286261
 30
0.0
 10
159.890016
 20
220.486261
 30
0.0
 10
161.490016
 20
226.619595
 30
0.0
 10
162.823349
 20
228.119595
 30
0.0
 10
167.056683
 20
229.552928
 30
0.0
 10
169.656683
 20
230.652928
 30
0.0
 10
170.590016
 20
230.352928
 30
0.0
 10
175.390016
 20
224.819595
 30
0.0
 10
176.056683
 20
222.119595
 30
0.0
 10
175.790016
 20
221.386261
 30
0.0
 10
177.023349
 20
220.886261
 30
0.0
 10
179.223349
 20
219.252928
 30
0.0
 10
182.490016
 20
218.552928
 30
0.0
 10
184.056683
 20
217.552928
 30
0.0
 10
185.656683
 20
216.152928
 30
0.0
 10
187.423349
 20
214.586261
 30
0.0
 10
187.256683
 20
213.352928
 30
0.0
 10
186.923349
 20
209.319595
 30
0.0
 10
186.423349
 20
209.219648
 30
0.0
 10
185.990016
 20
209.052981
 30
0.0
 10
185.090016
 20
208.819648
 30
0.0
 10
184.090016
 20
203.919648
 30
0.0
 10
182.990016
 20
200.986315
 30
0.0
 10
182.990016
 20
200.919648
 30
0.0
 10
183.290016
 20
197.186315
 30
0.0
 10
183.756683
 20
194.552981
 30
0.0
 10
185.156683
 20
193.552981
 30
0.0
 10
187.123349
 20
192.052981
 30
0.0
 10
189.790016
 20
190.852981
 30
0.0
 10
189.823296
 20
190.819701
 30
0.0
 10
190.289963
 20
190.852981
 30
0.0
 10
192.556629
 20
190.919648
 30
0.0
 10
194.823296
 20
191.919648
 30
0.0
 10
197.056629
 20
191.886368
 30
0.0
 10
197.423296
 20
191.353035
 30
0.0
 10
196.956629
 20
189.886368
 30
0.0
 10
197.323296
 20
189.186368
 30
0.0
 10
198.689963
 20
189.319701
 30
0.0
 10
203.123296
 20
192.286368
 30
0.0
 10
206.423296
 20
194.653035
 30
0.0
 10
208.723296
 20
195.686368
 30
0.0
 10
213.189963
 20
195.986368
 30
0.0
 10
216.189963
 20
197.719701
 30
0.0
 10
217.356629
 20
197.553035
 30
0.0
 10
220.323296
 20
195.486368
 30
0.0
 10
220.623296
 20
195.253035
 30
0.0
 10
221.256629
 20
193.686368
 30
0.0
 10
222.823296
 20
191.453035
 30
0.0
 10
224.289963
 20
191.219701
 30
0.0
 10
226.256629
 20
190.886368
 30
0.0
 10
229.289963
 20
188.419701
 30
0.0
 10
232.156629
 20
187.453035
 30
0.0
 10
233.089963
 20
186.619701
 30
0.0
 10
233.156629
 20
184.619701
 30
0.0
 10
228.989963
 20
179.653035
 30
0.0
 10
228.156629
 20
177.919701
 30
0.0
 10
228.889963
 20
176.986368
 30
0.0
 10
231.189963
 20
176.353035
 30
0.0
 10
233.989963
 20
176.319755
 30
0.0
 10
235.756629
 20
177.219755
 30
0.0
 10
236.756629
 20
177.319701
 30
0.0
 10
238.723296
 20
177.519701
 30
0.0
 10
239.589963
 20
176.686368
 30
0.0
 10
240.123296
 20
175.519701
 30
0.0
 10
240.856629
 20
173.986368
 30
0.0
 10
241.889963
 20
173.053035
 30
0.0
 10
243.223296
 20
172.753035
 30
0.0
 10
243.489963
 20
172.686368
 30
0.0
 10
245.756629
 20
173.419701
 30
0.0
 10
249.023296
 20
172.486368
 30
0.0
 10
249.556629
 20
172.219701
 30
0.0
 10
251.389963
 20
171.319701
 30
0.0
 10
253.589963
 20
170.186368
 30
0.0
 10
255.889963
 20
170.219648
 30
0.0
 10
259.889963
 20
171.852981
 30
0.0
 10
260.056629
 20
171.919648
 30
0.0
 10
263.323296
 20
172.352981
 30
0.0
 10
268.323296
 20
171.586315
 30
0.0
 10
269.656629
 20
170.519648
 30
0.0
 10
272.556629
 20
170.486368
 30
0.0
 10
275.589963
 20
172.119701
 30
0.0
 10
275.623243
 20
172.119701
 30
0.0
 10
277.323243
 20
170.953035
 30
0.0
 10
278.089909
 20
172.253035
 30
0.0
 10
278.456576
 20
172.886368
 30
0.0
 10
279.589909
 20
175.619701
 30
0.0
 10
279.589909
 20
175.652981
 30
0.0
 10
280.623243
 20
178.152981
 30
0.0
 10
280.989909
 20
178.752981
 30
0.0
 10
282.389909
 20
181.019648
 30
0.0
 10
283.223243
 20
181.719648
 30
0.0
 10
286.556576
 20
184.519648
 30
0.0
 10
287.256576
 20
185.919648
 30
0.0
 10
287.056576
 20
188.386315
 30
0.0
 10
286.689909
 20
191.419648
 30
0.0
 10
286.556576
 20
192.452981
 30
0.0
 10
287.189909
 20
195.686315
 30
0.0
 10
290.656576
 20
201.519648
 30
0.0
 10
291.056576
 20
202.819648
 30
0.0
 10
290.989909
 20
204.252981
 30
0.0
 10
290.823243
 20
208.119648
 30
0.0
 10
292.423243
 20
210.419648
 30
0.0
 10
292.956576
 20
212.652981
 30
0.0
 10
295.989909
 20
213.186315
 30
0.0
 10
297.956576
 20
213.486315
 30
0.0
 10
298.223243
 20
213.552981
 30
0.0
 10
300.356576
 20
214.252981
 30
0.0
 10
301.889909
 20
215.786315
 30
0.0
 10
301.723243
 20
219.552981
 30
0.0
 10
301.723243
 20
220.486315
 30
0.0
 10
302.523243
 20
221.486315
 30
0.0
 10
307.556576
 20
223.019648
 30
0.0
 10
310.423243
 20
222.252981
 30
0.0
 10
312.556576
 20
223.252981
 30
0.0
 10
314.789909
 20
223.486315
 30
0.0
 10
316.856576
 20
224.186315
 30
0.0
 10
318.223243
 20
224.786315
 30
0.0
 10
318.456576
 20
224.886261
 30
0.0
 10
319.323243
 20
225.186261
 30
0.0
 10
320.689909
 20
225.886261
 30
0.0
 10
323.123243
 20
227.186261
 30
0.0
 10
326.623246
 20
227.286208
 30
0.0
 10
328.089913
 20
228.686208
 30
0.0
 10
330.556579
 20
229.052875
 30
0.0
 10
332.289913
 20
228.086208
 30
0.0
 10
333.156579
 20
228.086208
 30
0.0
 10
334.123246
 20
229.019541
 30
0.0
 10
334.989913
 20
229.086208
 30
0.0
 10
336.689913
 20
227.952875
 30
0.0
 10
340.989913
 20
223.886208
 30
0.0
 10
342.756579
 20
223.052875
 30
0.0
 10
345.189913
 20
223.052875
 30
0.0
 10
347.356579
 20
224.286208
 30
0.0
 10
348.956579
 20
225.686208
 30
0.0
 10
350.689913
 20
228.252875
 30
0.0
 10
353.989913
 20
230.252875
 30
0.0
 10
354.856579
 20
232.886208
 30
0.0
 10
356.123246
 20
234.419541
 30
0.0
 10
357.889913
 20
234.019541
 30
0.0
 10
358.923246
 20
233.786208
 30
0.0
 10
359.256579
 20
233.686261
 30
0.0
 10
361.089913
 20
232.286261
 30
0.0
 10
361.189913
 20
232.219595
 30
0.0
 10
361.289913
 20
232.119648
 30
0.0
 10
367.056579
 20
227.652981
 30
0.0
 10
368.823246
 20
228.019648
 30
0.0
 10
372.689913
 20
230.986315
 30
0.0
 10
376.989913
 20
232.786315
 30
0.0
 10
381.289913
 20
234.119648
 30
0.0
 10
383.123246
 20
233.286315
 30
0.0
 10
387.589913
 20
229.486315
 30
0.0
 10
389.289913
 20
229.286315
 30
0.0
 10
392.223246
 20
229.486315
 30
0.0
 10
393.889913
 20
230.152981
 30
0.0
 10
395.289913
 20
229.952981
 30
0.0
 10
397.689913
 20
227.452981
 30
0.0
 10
400.156579
 20
224.852981
 30
0.0
 10
401.789913
 20
224.186315
 30
0.0
 10
403.623246
 20
224.219595
 30
0.0
 10
407.289913
 20
227.786261
 30
0.0
 10
409.556579
 20
228.786261
 30
0.0
 10
413.923246
 20
228.919595
 30
0.0
 10
416.656579
 20
229.019541
 30
0.0
 10
419.023246
 20
230.586208
 30
0.0
 10
419.556579
 20
230.919541
 30
0.0
 10
420.656579
 20
231.386208
 30
0.0
 10
420.856579
 20
231.586208
 30
0.0
 10
422.623246
 20
233.386208
 30
0.0
 10
425.023246
 20
234.986208
 30
0.0
 10
425.023246
 20
235.019488
 30
0.0
 10
425.623246
 20
235.419488
 30
0.0
 10
427.389912
 20
235.452768
 30
0.0
 10
433.356579
 20
240.052768
 30
0.0
 10
436.923246
 20
240.819435
 30
0.0
 10
437.756579
 20
240.686101
 30
0.0
 10
440.156579
 20
242.452768
 30
0.0
 10
441.423246
 20
243.786101
 30
0.0
 10
441.689912
 20
244.052768
 30
0.0
 10
441.923246
 20
244.319435
 30
0.0
 10
441.923246
 20
244.019435
 30
0.0
 10
445.023246
 20
244.086101
 30
0.0
 10
445.323246
 20
244.086101
 30
0.0
 10
446.523246
 20
243.986155
 30
0.0
 10
449.556579
 20
243.652821
 30
0.0
 10
452.589913
 20
246.252821
 30
0.0
 10
454.189913
 20
246.652821
 30
0.0
 10
456.323246
 20
246.019488
 30
0.0
 10
459.123246
 20
246.519488
 30
0.0
 10
461.856579
 20
250.152821
 30
0.0
 10
463.356579
 20
250.652821
 30
0.0
 10
466.823246
 20
250.152821
 30
0.0
 10
470.623246
 20
251.586155
 30
0.0
 10
471.489913
 20
251.919488
 30
0.0
 10
473.889913
 20
252.486155
 30
0.0
 10
476.323246
 20
254.152821
 30
0.0
 10
478.123246
 20
254.652821
 30
0.0
 10
482.189913
 20
252.886155
 30
0.0
 10
482.989913
 20
252.886155
 30
0.0
 10
483.456579
 20
252.886155
 30
0.0
 10
485.389913
 20
251.619488
 30
0.0
 10
485.623246
 20
251.086155
 30
0.0
 10
486.623246
 20
249.052821
 30
0.0
 10
486.589913
 20
248.619488
 30
0.0
 10
486.556579
 20
248.252821
 30
0.0
 10
486.556579
 20
247.819488
 30
0.0
 10
483.789913
 20
244.852821
 30
0.0
 10
482.723246
 20
241.986155
 30
0.0
 10
481.023246
 20
238.886155
 30
0.0
 10
478.589913
 20
238.286155
 30
0.0
 10
477.356579
 20
237.986155
 30
0.0
 10
474.523246
 20
237.219488
 30
0.0
 10
471.756579
 20
236.952821
 30
0.0
 10
468.523246
 20
234.352821
 30
0.0
 10
467.389913
 20
232.186155
 30
0.0
 10
469.456579
 20
226.019488
 30
0.0
 10
469.923246
 20
221.252821
 30
0.0
 10
470.356579
 20
220.652821
 30
0.0
 10
473.089913
 20
218.086155
 30
0.0
 10
474.723246
 20
215.352821
 30
0.0
 10
474.589913
 20
213.586155
 30
0.0
 10
473.189913
 20
211.419488
 30
0.0
 10
472.123246
 20
208.452821
 30
0.0
 10
474.056579
 20
207.286155
 30
0.0
 10
474.623246
 20
206.952821
 30
0.0
 10
477.989913
 20
206.652821
 30
0.0
 10
479.356579
 20
205.886155
 30
0.0
 10
481.323246
 20
202.952821
 30
0.0
 10
482.323246
 20
200.586155
 30
0.0
 10
483.623246
 20
198.986155
 30
0.0
 10
488.523246
 20
202.786155
 30
0.0
 10
493.456579
 20
201.852821
 30
0.0
 10
494.823246
 20
198.186155
 30
0.0
 10
496.023246
 20
196.819488
 30
0.0
 10
497.489913
 20
190.886155
 30
0.0
 10
499.389913
 20
189.386155
 30
0.0
 10
495.389913
 20
183.619488
 30
0.0
 10
495.923246
 20
178.786155
 30
0.0
 10
494.823246
 20
177.219488
 30
0.0
 10
495.989913
 20
175.086155
 30
0.0
 10
501.089913
 20
175.186101
 30
0.0
 10
506.256579
 20
173.552768
 30
0.0
 10
508.556579
 20
169.919435
 30
0.0
 10
510.723246
 20
162.586101
 30
0.0
 10
512.223246
 20
158.619435
 30
0.0
 10
513.389913
 20
156.719435
 30
0.0
 10
515.889913
 20
154.719435
 30
0.0
 10
519.389913
 20
152.686101
 30
0.0
 10
521.389913
 20
150.752768
 30
0.0
 10
522.589913
 20
150.319435
 30
0.0
 10
524.589913
 20
150.286155
 30
0.0
 10
527.256579
 20
149.486155
 30
0.0
 10
529.856579
 20
147.419488
 30
0.0
 10
535.323246
 20
147.752821
 30
0.0
 10
537.289913
 20
146.519488
 30
0.0
 10
539.156576
 20
144.086155
 30
0.0
 10
542.023243
 20
142.152821
 30
0.0
 10
543.689909
 20
141.719488
 30
0.0
 10
545.223243
 20
142.286155
 30
0.0
 10
550.189909
 20
142.719488
 30
0.0
 10
552.823243
 20
143.652821
 30
0.0
 10
554.356576
 20
143.386155
 30
0.0
 10
557.123243
 20
141.519488
 30
0.0
 10
559.423243
 20
141.752821
 30
0.0
 10
561.723243
 20
142.419488
 30
0.0
 10
565.423243
 20
142.152821
 30
0.0
 10
569.356576
 20
139.986155
 30
0.0
 10
571.823243
 20
136.686155
 30
0.0
 10
573.056576
 20
136.786101
 30
0.0
 10
574.956576
 20
138.619435
 30
0.0
 10
576.489909
 20
140.119435
 30
0.0
 10
578.423243
 20
140.152715
 30
0.0
 10
583.089909
 20
138.919381
 30
0.0
 10
585.523243
 20
136.052715
 30
0.0
 10
588.823243
 20
135.319381
 30
0.0
 10
589.723243
 20
134.552715
 30
0.0
 10
589.889909
 20
131.286048
 30
0.0
 10
590.289909
 20
129.519381
 30
0.0
 10
593.423243
 20
128.752715
 30
0.0
 10
598.356576
 20
129.586048
 30
0.0
 10
601.389909
 20
130.152715
 30
0.0
 10
606.856576
 20
129.919381
 30
0.0
 10
608.256576
 20
129.386048
 30
0.0
 10
609.823243
 20
128.786048
 30
0.0
 10
612.856576
 20
128.786048
 30
0.0
 10
615.123243
 20
127.786048
 30
0.0
 10
620.923243
 20
127.286048
 30
0.0
 10
623.456576
 20
126.352715
 30
0.0
 10
625.956576
 20
126.452661
 30
0.0
 10
630.489909
 20
127.252661
 30
0.0
 10
632.723243
 20
127.819328
 30
0.0
 10
635.656576
 20
126.585995
 30
0.0
 10
645.989909
 20
125.019328
 30
0.0
 10
651.456576
 20
120.519328
 30
0.0
 10
656.256576
 20
118.152661
 30
0.0
 10
658.923243
 20
116.085995
 30
0.0
 10
659.823243
 20
116.119275
 30
0.0
 10
662.423243
 20
117.285941
 30
0.0
 10
668.323243
 20
116.952608
 30
0.0
 10
672.423243
 20
115.952608
 30
0.0
 10
673.789909
 20
116.552608
 30
0.0
 10
677.056576
 20
119.519275
 30
0.0
 10
681.289909
 20
119.719275
 30
0.0
 10
682.123243
 20
121.752608
 30
0.0
 10
683.789909
 20
121.685941
 30
0.0
 10
687.489909
 20
119.985941
 30
0.0
 10
688.756576
 20
118.185941
 30
0.0
 10
690.556576
 20
117.619275
 30
0.0
 10
695.756576
 20
116.385941
 30
0.0
 10
698.689909
 20
117.185941
 30
0.0
 10
699.589909
 20
116.985941
 30
0.0
 10
704.389909
 20
118.852608
 30
0.0
 10
705.089909
 20
118.185941
 30
0.0
 10
705.956576
 20
115.852608
 30
0.0
 10
708.323243
 20
114.719275
 30
0.0
 10
712.489909
 20
115.385941
 30
0.0
 10
715.056576
 20
114.152608
 30
0.0
 10
716.556576
 20
112.052608
 30
0.0
 10
718.123243
 20
112.019328
 30
0.0
 10
719.889909
 20
113.785995
 30
0.0
 10
723.856576
 20
113.252661
 30
0.0
 10
727.723243
 20
111.519328
 30
0.0
 10
728.656576
 20
111.119328
 30
0.0
 10
730.789909
 20
110.219328
 30
0.0
 10
732.856576
 20
108.885995
 30
0.0
 10
736.689909
 20
107.785995
 30
0.0
 10
741.156576
 20
107.519328
 30
0.0
 10
747.256576
 20
107.019328
 30
0.0
 10
750.289909
 20
106.452661
 30
0.0
 10
754.823243
 20
103.919328
 30
0.0
 10
757.956576
 20
104.185995
 30
0.0
 10
761.989909
 20
105.919328
 30
0.0
 10
768.289909
 20
106.785995
 30
0.0
 10
773.923243
 20
106.552661
 30
0.0
 10
777.923243
 20
106.085995
 30
0.0
 10
785.823243
 20
101.719328
 30
0.0
 10
788.789909
 20
99.085995
 30
0.0
 10
789.423243
 20
98.719328
 30
0.0
 10
791.623243
 20
97.052661
 30
0.0
 10
793.056576
 20
97.052661
 30
0.0
 10
797.656576
 20
100.219328
 30
0.0
 10
799.923243
 20
99.919328
 30
0.0
 10
804.089909
 20
98.419328
 30
0.0
 10
806.456576
 20
98.185995
 30
0.0
 10
810.623243
 20
95.552661
 30
0.0
 10
814.023243
 20
89.652661
 30
0.0
 10
816.023243
 20
87.152661
 30
0.0
 10
817.323243
 20
85.119328
 30
0.0
 10
822.889909
 20
86.885995
 30
0.0
 10
828.523243
 20
86.685995
 30
0.0
 10
830.423243
 20
84.585995
 30
0.0
 10
831.523243
 20
84.619275
 30
0.0
 10
834.889909
 20
86.219275
 30
0.0
 10
837.356576
 20
87.385941
 30
0.0
 10
838.823243
 20
87.285995
 30
0.0
 10
843.189909
 20
85.552661
 30
0.0
 10
844.289909
 20
84.685995
 30
0.0
 10
847.756576
 20
84.419328
 30
0.0
 10
850.789909
 20
86.085995
 30
0.0
 10
854.356576
 20
86.185941
 30
0.0
 10
862.956576
 20
88.285941
 30
0.0
 10
864.223243
 20
88.052608
 30
0.0
 10
865.289909
 20
86.485941
 30
0.0
 10
864.389909
 20
85.152608
 30
0.0
 10
866.023243
 20
83.519275
 30
0.0
 10
867.489909
 20
82.852608
 30
0.0
 10
869.056576
 20
82.452608
 30
0.0
 10
872.989909
 20
79.719275
 30
0.0
 10
874.423243
 20
80.019275
 30
0.0
 10
876.623243
 20
81.585941
 30
0.0
 10
878.623243
 20
83.219275
 30
0.0
 10
880.856576
 20
80.585941
 30
0.0
 10
884.523243
 20
73.885941
 30
0.0
 10
885.189909
 20
70.852608
 30
0.0
 10
886.456576
 20
69.885941
 30
0.0
 10
889.789909
 20
71.152608
 30
0.0
 10
889.489909
 20
73.285941
 30
0.0
 10
891.489909
 20
76.985941
 30
0.0
 10
889.956576
 20
80.952608
 30
0.0
 10
889.856629
 20
82.719275
 30
0.0
 10
890.823296
 20
84.385941
 30
0.0
 10
893.689963
 20
85.752608
 30
0.0
 10
894.689963
 20
86.752608
 30
0.0
 10
896.089963
 20
86.585941
 30
0.0
 10
898.523296
 20
87.785941
 30
0.0
 10
902.856629
 20
87.752661
 30
0.0
 10
905.656629
 20
89.152661
 30
0.0
 10
906.356629
 20
90.019328
 30
0.0
 10
906.889963
 20
92.885995
 30
0.0
 10
909.156629
 20
92.585995
 30
0.0
 10
909.789963
 20
93.152661
 30
0.0
 10
910.789963
 20
96.352661
 30
0.0
 10
912.323296
 20
98.052661
 30
0.0
 10
912.356576
 20
100.485995
 30
0.0
 10
913.289909
 20
101.785995
 30
0.0
 10
914.623243
 20
102.452661
 30
0.0
 10
915.989909
 20
101.252661
 30
0.0
 10
917.256576
 20
102.552661
 30
0.0
 10
918.456576
 20
101.552661
 30
0.0
 10
919.956576
 20
102.185995
 30
0.0
 10
922.489909
 20
101.852661
 30
0.0
 10
923.623243
 20
101.152661
 30
0.0
 10
925.256576
 20
101.352661
 30
0.0
 10
930.323243
 20
103.719328
 30
0.0
 10
931.056576
 20
105.085995
 30
0.0
 10
931.089856
 20
108.152661
 30
0.0
 10
932.423189
 20
111.285995
 30
0.0
 10
932.489856
 20
114.052661
 30
0.0
 10
933.456523
 20
115.285995
 30
0.0
 10
933.123189
 20
118.419328
 30
0.0
 10
934.223189
 20
120.219328
 30
0.0
 10
936.423189
 20
122.552661
 30
0.0
 10
938.623189
 20
126.685995
 30
0.0
 10
939.123189
 20
128.852661
 30
0.0
 10
941.489856
 20
130.219328
 30
0.0
 10
942.989856
 20
130.119381
 30
0.0
 10
946.823189
 20
128.786048
 30
0.0
 10
948.023189
 20
129.052715
 30
0.0
 10
947.889856
 20
131.619381
 30
0.0
 10
951.089856
 20
133.352715
 30
0.0
 10
951.989856
 20
133.819381
 30
0.0
 10
954.156523
 20
134.919381
 30
0.0
 10
955.989856
 20
134.119381
 30
0.0
 10
956.556523
 20
133.852715
 30
0.0
 10
956.789856
 20
132.952715
 30
0.0
 10
957.689856
 20
128.886048
 30
0.0
 10
958.656523
 20
127.852715
 30
0.0
 10
959.156523
 20
128.819381
 30
0.0
 10
959.956523
 20
130.286048
 30
0.0
 10
960.689856
 20
131.686048
 30
0.0
 10
961.123189
 20
132.619381
 30
0.0
 10
961.756523
 20
133.619381
 30
0.0
 10
963.156523
 20
136.186048
 30
0.0
 10
964.489856
 20
137.886048
 30
0.0
 10
965.556523
 20
138.252715
 30
0.0
 10
968.456523
 20
140.652715
 30
0.0
 10
973.289856
 20
141.452715
 30
0.0
 10
974.023189
 20
140.919381
 30
0.0
 10
975.989856
 20
139.486048
 30
0.0
 10
976.689856
 20
139.585995
 30
0.0
 10
979.623189
 20
141.719328
 30
0.0
 10
982.156523
 20
141.852661
 30
0.0
 10
983.623189
 20
140.685995
 30
0.0
 10
987.289856
 20
142.285995
 30
0.0
 10
990.923189
 20
141.385995
 30
0.0
 10
993.956523
 20
141.419275
 30
0.0
 10
997.123189
 20
138.619275
 30
0.0
 10
1000.423189
 20
138.552608
 30
0.0
 10
1002.656523
 20
137.785941
 30
0.0
 10
1008.823189
 20
138.652608
 30
0.0
 10
1011.023189
 20
140.352608
 30
0.0
 10
1012.756523
 20
141.085941
 30
0.0
 10
1015.089856
 20
141.019275
 30
0.0
 10
1018.189856
 20
141.385941
 30
0.0
 10
1020.556523
 20
140.219275
 30
0.0
 10
1022.023189
 20
140.319221
 30
0.0
 10
1025.789856
 20
140.285941
 30
0.0
 10
1033.289856
 20
141.719275
 30
0.0
 10
1036.589909
 20
138.119275
 30
0.0
 10
1038.856576
 20
137.585941
 30
0.0
 10
1040.589909
 20
137.952608
 30
0.0
 10
1040.456576
 20
135.419275
 30
0.0
 10
1041.623189
 20
132.652608
 30
0.0
 10
1042.189909
 20
131.319275
 30
0.0
 10
1043.089856
 20
130.452608
 30
0.0
 10
1046.823189
 20
131.819275
 30
0.0
 10
1048.689856
 20
131.152608
 30
0.0
 10
1050.256469
 20
131.952608
 30
0.0
 10
1051.089856
 20
132.719275
 30
0.0
 10
1055.656576
 20
136.285941
 30
0.0
 10
1057.489856
 20
140.252608
 30
0.0
 10
1056.189909
 20
143.219275
 30
0.0
 10
1056.089856
 20
145.252608
 30
0.0
 10
1058.489856
 20
146.352608
 30
0.0
 10
1059.889856
 20
147.985941
 30
0.0
 10
1065.689856
 20
149.819275
 30
0.0
 10
1065.989803
 20
148.885941
 30
0.0
 10
1066.656469
 20
148.485941
 30
0.0
 10
1068.623189
 20
148.319275
 30
0.0
 10
1070.156523
 20
148.919275
 30
0.0
 10
1072.523136
 20
150.652608
 30
0.0
 10
1073.623189
 20
151.152608
 30
0.0
 10
1074.356523
 20
151.485941
 30
0.0
 10
1074.989909
 20
153.985941
 30
0.0
 10
1076.956523
 20
154.552608
 30
0.0
 10
1079.489856
 20
153.819275
 30
0.0
 10
1082.323243
 20
152.085941
 30
0.0
 10
1085.089856
 20
151.752608
 30
0.0
 10
1087.123243
 20
152.385941
 30
0.0
 10
1089.323136
 20
152.385941
 30
0.0
 10
1092.289856
 20
151.252608
 30
0.0
 10
1097.089856
 20
153.385941
 30
0.0
 10
1101.123243
 20
156.585941
 30
0.0
 10
1105.156523
 20
157.719275
 30
0.0
 10
1109.389909
 20
157.752555
 30
0.0
 10
1112.889856
 20
157.352555
 30
0.0
 10
1116.423189
 20
156.085888
 30
0.0
 10
1122.189909
 20
151.785888
 30
0.0
 10
1125.256576
 20
149.352555
 30
0.0
 10
1127.689856
 20
148.852555
 30
0.0
 10
1130.823189
 20
149.152555
 30
0.0
 10
1131.556523
 20
148.785888
 30
0.0
 10
1133.456469
 20
146.752555
 30
0.0
 10
1134.889856
 20
145.219221
 30
0.0
 10
1135.956523
 20
144.652555
 30
0.0
 10
1139.456469
 20
142.752555
 30
0.0
 10
1140.389803
 20
148.019221
 30
0.0
 10
1139.956523
 20
150.685888
 30
0.0
 10
1135.323136
 20
156.719221
 30
0.0
 10
1131.189803
 20
163.519221
 30
0.0
 10
1131.256576
 20
168.219221
 30
0.0
 10
1131.689856
 20
170.852555
 30
0.0
 10
1130.823189
 20
173.752555
 30
0.0
 10
1131.656576
 20
176.652555
 30
0.0
 10
1131.523243
 20
179.352555
 30
0.0
 10
1132.689856
 20
181.652555
 30
0.0
 10
1131.489856
 20
183.319221
 30
0.0
 10
1131.056469
 20
184.752555
 30
0.0
 10
1131.323136
 20
186.752555
 30
0.0
 10
1131.956523
 20
187.719221
 30
0.0
 10
1133.823189
 20
187.352555
 30
0.0
 10
1135.123243
 20
188.052555
 30
0.0
 10
1136.256469
 20
188.619221
 30
0.0
 10
1136.956523
 20
188.752555
 30
0.0
 10
1138.623189
 20
189.085888
 30
0.0
 10
1139.256576
 20
188.252555
 30
0.0
 10
1140.756523
 20
189.419221
 30
0.0
 10
1143.989803
 20
189.585888
 30
0.0
 10
1144.823189
 20
192.052555
 30
0.0
 10
1149.089856
 20
195.685888
 30
0.0
 10
1150.389803
 20
195.319221
 30
0.0
 10
1152.723243
 20
197.019221
 30
0.0
 10
1156.556523
 20
199.885888
 30
0.0
 10
1158.123136
 20
201.919221
 30
0.0
 10
1160.789803
 20
205.985888
 30
0.0
 10
1163.156523
 20
207.619221
 30
0.0
 10
1163.489856
 20
208.485888
 30
0.0
 10
1165.189803
 20
211.185888
 30
0.0
 10
1166.956523
 20
214.052555
 30
0.0
 10
1167.856469
 20
215.519221
 30
0.0
 10
1171.323136
 20
216.352555
 30
0.0
 10
1172.323243
 20
216.919221
 30
0.0
 10
1173.023189
 20
217.952555
 30
0.0
 10
1174.089856
 20
218.252555
 30
0.0
 10
1173.923243
 20
219.719221
 30
0.0
 10
1175.223189
 20
220.752555
 30
0.0
 10
1179.323136
 20
221.252555
 30
0.0
 10
1179.423189
 20
221.552555
 30
0.0
 10
1180.323243
 20
223.619221
 30
0.0
 10
1179.989803
 20
226.119221
 30
0.0
 10
1179.889856
 20
226.885888
 30
0.0
 10
1180.889856
 20
229.419221
 30
0.0
 10
1182.323243
 20
233.685888
 30
0.0
 10
1183.589803
 20
234.019221
 30
0.0
 10
1184.956523
 20
231.985888
 30
0.0
 10
1186.389803
 20
230.852555
 30
0.0
 10
1188.323243
 20
231.719221
 30
0.0
 10
1191.489856
 20
231.285888
 30
0.0
 10
1194.823189
 20
232.352555
 30
0.0
 10
1197.089856
 20
232.752555
 30
0.0
 10
1198.923136
 20
231.552555
 30
0.0
 10
1201.356523
 20
231.152555
 30
0.0
 10
1203.689856
 20
231.819221
 30
0.0
 10
1205.423189
 20
231.785941
 30
0.0
 10
1206.589909
 20
230.452608
 30
0.0
 10
1208.156523
 20
229.719275
 30
0.0
 10
1211.323136
 20
231.385941
 30
0.0
 10
1212.523136
 20
230.352608
 30
0.0
 10
1215.623189
 20
229.519275
 30
0.0
 10
1218.256469
 20
230.219275
 30
0.0
 10
1221.089856
 20
230.385941
 30
0.0
 10
1221.856469
 20
231.552608
 30
0.0
 10
1222.023189
 20
231.852608
 30
0.0
 10
1221.923243
 20
232.919275
 30
0.0
 10
1219.889856
 20
234.285941
 30
0.0
 10
1217.023189
 20
236.419275
 30
0.0
 10
1215.156523
 20
237.785941
 30
0.0
 10
1213.223189
 20
238.119275
 30
0.0
 10
1210.823189
 20
237.485941
 30
0.0
 10
1210.056576
 20
238.019275
 30
0.0
 10
1211.656576
 20
241.285941
 30
0.0
 10
1214.156523
 20
242.519275
 30
0.0
 10
1215.489856
 20
243.152608
 30
0.0
 10
1220.089856
 20
243.785941
 30
0.0
 10
1222.389803
 20
245.752608
 30
0.0
 10
1222.389803
 20
247.119275
 30
0.0
 10
1220.756523
 20
248.119275
 30
0.0
 10
1218.089856
 20
248.585941
 30
0.0
 10
1215.089856
 20
250.319275
 30
0.0
 10
1214.989909
 20
253.152608
 30
0.0
 10
1214.556523
 20
253.852608
 30
0.0
 10
1213.889856
 20
254.952608
 30
0.0
 10
1214.256469
 20
256.085941
 30
0.0
 10
1215.123243
 20
256.519275
 30
0.0
 10
1217.089856
 20
257.552608
 30
0.0
 10
1217.989803
 20
258.785941
 30
0.0
 10
1219.256576
 20
259.585941
 30
0.0
 10
1220.256469
 20
261.885941
 30
0.0
 10
1223.356523
 20
263.452608
 30
0.0
 10
1224.123136
 20
264.452608
 30
0.0
 10
1223.223189
 20
266.919275
 30
0.0
 10
1221.689856
 20
268.819275
 30
0.0
 10
1218.023189
 20
268.285941
 30
0.0
 10
1213.489856
 20
268.119275
 30
0.0
 10
1211.389909
 20
268.019328
 30
0.0
 10
1210.923136
 20
269.785995
 30
0.0
 10
1210.856576
 20
269.952661
 30
0.0
 10
1211.523243
 20
271.485995
 30
0.0
 10
1212.589909
 20
272.452661
 30
0.0
 10
1213.989803
 20
273.752661
 30
0.0
 10
1212.489856
 20
276.319328
 30
0.0
 10
1212.156523
 20
276.652661
 30
0.0
 10
1209.923243
 20
278.685995
 30
0.0
 10
1207.556523
 20
278.952661
 30
0.0
 10
1206.523136
 20
279.852661
 30
0.0
 10
1205.989803
 20
281.685995
 30
0.0
 10
1205.189803
 20
284.352661
 30
0.0
 10
1205.623189
 20
285.152661
 30
0.0
 10
1205.989803
 20
285.719328
 30
0.0
 10
1207.956523
 20
285.819275
 30
0.0
 10
1208.489856
 20
286.519275
 30
0.0
 10
1209.123243
 20
290.952608
 30
0.0
 10
1209.723136
 20
293.085941
 30
0.0
 10
1208.456576
 20
294.752608
 30
0.0
 10
1211.923243
 20
296.019275
 30
0.0
 10
1214.323243
 20
296.319275
 30
0.0
 10
1215.489856
 20
297.319275
 30
0.0
 10
1215.989803
 20
299.152608
 30
0.0
 10
1216.756523
 20
302.119275
 30
0.0
 10
1218.123136
 20
303.285941
 30
0.0
 10
1215.956523
 20
309.419275
 30
0.0
 10
1215.089856
 20
310.885941
 30
0.0
 10
1214.789803
 20
312.185941
 30
0.0
 10
1214.023189
 20
315.519275
 30
0.0
 10
1212.623189
 20
317.719275
 30
0.0
 10
1210.423189
 20
318.819275
 30
0.0
 10
1208.756523
 20
320.819275
 30
0.0
 10
1208.489856
 20
321.785941
 30
0.0
 10
1209.256576
 20
322.419275
 30
0.0
 10
1211.323136
 20
322.785941
 30
0.0
 10
1212.423189
 20
324.652608
 30
0.0
 10
1211.823189
 20
327.919275
 30
0.0
 10
1211.756523
 20
331.352608
 30
0.0
 10
1211.523243
 20
331.385888
 30
0.0
 10
1210.656469
 20
333.419221
 30
0.0
 10
1211.423189
 20
335.619221
 30
0.0
 10
1212.389803
 20
336.152555
 30
0.0
 10
1216.456576
 20
335.585888
 30
0.0
 10
1217.489856
 20
334.085888
 30
0.0
 10
1217.289856
 20
333.119221
 30
0.0
 10
1218.989909
 20
332.419221
 30
0.0
 10
1219.956523
 20
331.352555
 30
0.0
 10
1223.189803
 20
335.252555
 30
0.0
 10
1223.456469
 20
335.585888
 30
0.0
 10
1224.456576
 20
335.552608
 30
0.0
 10
1229.489856
 20
335.319275
 30
0.0
 10
1230.489856
 20
335.819275
 30
0.0
 10
1232.489856
 20
336.052608
 30
0.0
 10
1234.456576
 20
338.685941
 30
0.0
 10
1236.023189
 20
338.752608
 30
0.0
 10
1238.023189
 20
340.152608
 30
0.0
 10
1238.389803
 20
340.285941
 30
0.0
 10
1238.423189
 20
340.285941
 30
0.0
 10
1240.289856
 20
340.952608
 30
0.0
 10
1241.589803
 20
343.219275
 30
0.0
 10
1246.256469
 20
347.685941
 30
0.0
 10
1246.456576
 20
347.885941
 30
0.0
 10
1246.789803
 20
348.219275
 30
0.0
 10
1247.723136
 20
349.752608
 30
0.0
 10
1248.723243
 20
351.452608
 30
0.0
 10
1248.689856
 20
353.219275
 30
0.0
 10
1247.056469
 20
355.285941
 30
0.0
 10
1245.889856
 20
357.485941
 30
0.0
 10
1246.123136
 20
359.185941
 30
0.0
 10
1247.789909
 20
360.119275
 30
0.0
 10
1250.323243
 20
359.885941
 30
0.0
 10
1252.223189
 20
361.352608
 30
0.0
 10
1254.489856
 20
364.152608
 30
0.0
 10
1254.789803
 20
366.085941
 30
0.0
 10
1255.889856
 20
367.819275
 30
0.0
 10
1255.756523
 20
368.519275
 30
0.0
 10
1255.489856
 20
369.519275
 30
0.0
 10
1254.223189
 20
370.352608
 30
0.0
 10
1251.623189
 20
374.152608
 30
0.0
 10
1249.756523
 20
374.685941
 30
0.0
 10
1248.623189
 20
375.885941
 30
0.0
 10
1249.889856
 20
377.852608
 30
0.0
 10
1249.723136
 20
379.452608
 30
0.0
 10
1248.456576
 20
382.485941
 30
0.0
 10
1248.156523
 20
384.652608
 30
0.0
 10
1247.989803
 20
385.885941
 30
0.0
 10
1246.556523
 20
387.219275
 30
0.0
 10
1245.689856
 20
389.685941
 30
0.0
 10
1243.856469
 20
391.252608
 30
0.0
 10
1241.356523
 20
391.285888
 30
0.0
 10
1239.023189
 20
390.219221
 30
0.0
 10
1236.289856
 20
388.985888
 30
0.0
 10
1234.623189
 20
389.585888
 30
0.0
 10
1232.356523
 20
389.552608
 30
0.0
 10
1230.956523
 20
390.419275
 30
0.0
 10
1230.656469
 20
390.719275
 30
0.0
 10
1227.123243
 20
393.085941
 30
0.0
 10
1224.556523
 20
394.485941
 30
0.0
 10
1223.356523
 20
395.685941
 30
0.0
 10
1222.356523
 20
395.685941
 30
0.0
 10
1220.089856
 20
394.552608
 30
0.0
 10
1219.023189
 20
394.852608
 30
0.0
 10
1218.656469
 20
394.952555
 30
0.0
 10
1217.356523
 20
396.552555
 30
0.0
 10
1214.689856
 20
397.519221
 30
0.0
 10
1211.789909
 20
397.885888
 30
0.0
 10
1208.989909
 20
399.419221
 30
0.0
 10
1207.389909
 20
399.619221
 30
0.0
 10
1206.923136
 20
400.785888
 30
0.0
 10
1207.656576
 20
402.052555
 30
0.0
 10
1207.889856
 20
402.019275
 30
0.0
 10
1209.989803
 20
404.052608
 30
0.0
 10
1209.689856
 20
404.085888
 30
0.0
 10
1210.189909
 20
407.352555
 30
0.0
 10
1210.723243
 20
408.252555
 30
0.0
 10
1211.989803
 20
408.352501
 30
0.0
 10
1213.756523
 20
405.719168
 30
0.0
 10
1214.723243
 20
405.219168
 30
0.0
 10
1215.556523
 20
405.652501
 30
0.0
 10
1216.023189
 20
407.719168
 30
0.0
 10
1218.923136
 20
410.352501
 30
0.0
 10
1219.056469
 20
410.485835
 30
0.0
 10
1222.489856
 20
412.152501
 30
0.0
 10
1223.823189
 20
413.119168
 30
0.0
 10
1226.556523
 20
413.119168
 30
0.0
 10
1226.789803
 20
413.219115
 30
0.0
 10
1227.656576
 20
414.785781
 30
0.0
 10
1228.323243
 20
416.052448
 30
0.0
 10
1228.023189
 20
417.019115
 30
0.0
 10
1227.356523
 20
419.185781
 30
0.0
 10
1226.389803
 20
420.085781
 30
0.0
 10
1226.923136
 20
420.719115
 30
0.0
 10
1229.356523
 20
423.719115
 30
0.0
 10
1231.056469
 20
424.085781
 30
0.0
 10
1232.856576
 20
423.819115
 30
0.0
 10
1234.656469
 20
424.719115
 30
0.0
 10
1236.389803
 20
423.585781
 30
0.0
 10
1238.789803
 20
425.652448
 30
0.0
 10
1239.689856
 20
425.652448
 30
0.0
 10
1241.056469
 20
424.585781
 30
0.0
 10
1242.789803
 20
424.885781
 30
0.0
 10
1243.956523
 20
424.485781
 30
0.0
 10
1245.756523
 20
422.252448
 30
0.0
 10
1246.323243
 20
421.885781
 30
0.0
 10
1247.823189
 20
420.919115
 30
0.0
 10
1252.589909
 20
420.485781
 30
0.0
 10
1253.123243
 20
420.452501
 30
0.0
 10
1255.023189
 20
419.852501
 30
0.0
 10
1256.123136
 20
418.619168
 30
0.0
 10
1256.923136
 20
417.719168
 30
0.0
 10
1258.756523
 20
413.919168
 30
0.0
 10
1258.956523
 20
413.585835
 30
0.0
 10
1259.689856
 20
412.352501
 30
0.0
 10
1261.156523
 20
409.819168
 30
0.0
 10
1261.256576
 20
409.585835
 30
0.0
 10
1262.889856
 20
406.019168
 30
0.0
 10
1265.823189
 20
405.652501
 30
0.0
 10
1273.723136
 20
405.385835
 30
0.0
 10
1274.889856
 20
405.452501
 30
0.0
 10
1275.989803
 20
405.519168
 30
0.0
 10
1276.923136
 20
406.819168
 30
0.0
 10
1278.123136
 20
409.985835
 30
0.0
 10
1280.123136
 20
412.085835
 30
0.0
 10
1280.956523
 20
412.252501
 30
0.0
 10
1282.289856
 20
414.652501
 30
0.0
 10
1283.256576
 20
414.619221
 30
0.0
 10
1283.689856
 20
408.985888
 30
0.0
 10
1284.756523
 20
407.319221
 30
0.0
 10
1286.489856
 20
407.519221
 30
0.0
 10
1289.556523
 20
407.385888
 30
0.0
 10
1290.223189
 20
407.352608
 30
0.0
 10
1296.423189
 20
408.852608
 30
0.0
 10
1302.989909
 20
410.052608
 30
0.0
 10
1320.823189
 20
413.352608
 30
0.0
 10
1318.323243
 20
416.052608
 30
0.0
 10
1317.623189
 20
418.519275
 30
0.0
 10
1317.223189
 20
425.152608
 30
0.0
 10
1316.956523
 20
430.719275
 30
0.0
 10
1315.556523
 20
434.552608
 30
0.0
 10
1317.589803
 20
436.319275
 30
0.0
 10
1319.089856
 20
437.652608
 30
0.0
 10
1315.456469
 20
442.919275
 30
0.0
 10
1315.723136
 20
444.119275
 30
0.0
 10
1316.056576
 20
445.485941
 30
0.0
 10
1315.189803
 20
447.319275
 30
0.0
 10
1315.023189
 20
447.419221
 30
0.0
 10
1309.189803
 20
451.619221
 30
0.0
 10
1309.323136
 20
452.919221
 30
0.0
 10
1310.023189
 20
453.419221
 30
0.0
 10
1313.856469
 20
453.485888
 30
0.0
 10
1316.156523
 20
454.419221
 30
0.0
 10
1317.523243
 20
454.985888
 30
0.0
 10
1321.356523
 20
456.885888
 30
0.0
 10
1323.356523
 20
460.219221
 30
0.0
 10
1322.989909
 20
463.319221
 30
0.0
 10
1324.423189
 20
466.085888
 30
0.0
 10
1324.756523
 20
466.719221
 30
0.0
 10
1322.256469
 20
469.152555
 30
0.0
 10
1321.856469
 20
469.519221
 30
0.0
 10
1322.489856
 20
471.019221
 30
0.0
 10
1322.656469
 20
471.485888
 30
0.0
 10
1323.356523
 20
473.485888
 30
0.0
 10
1323.456469
 20
473.585835
 30
0.0
 10
1324.356523
 20
474.485835
 30
0.0
 10
1325.889856
 20
476.052501
 30
0.0
 10
1325.856469
 20
477.785835
 30
0.0
 10
1322.623189
 20
479.252501
 30
0.0
 10
1324.323243
 20
482.019168
 30
0.0
 10
1332.123136
 20
487.752501
 30
0.0
 10
1333.189803
 20
489.819168
 30
0.0
 10
1332.489856
 20
490.352501
 30
0.0
 10
1329.789909
 20
493.485835
 30
0.0
 10
1327.423189
 20
493.919168
 30
0.0
 10
1325.289856
 20
495.352501
 30
0.0
 10
1322.689856
 20
493.852501
 30
0.0
 10
1320.756523
 20
493.819221
 30
0.0
 10
1319.589803
 20
494.352555
 30
0.0
 10
1319.356523
 20
496.285888
 30
0.0
 10
1320.823189
 20
499.385888
 30
0.0
 10
1320.723243
 20
500.685888
 30
0.0
 10
1319.423189
 20
501.919221
 30
0.0
 10
1319.389909
 20
502.785888
 30
0.0
 10
1320.323243
 20
503.852555
 30
0.0
 10
1319.989803
 20
504.919221
 30
0.0
 10
1319.423189
 20
506.519221
 30
0.0
 10
1320.456576
 20
509.352555
 30
0.0
 10
1322.523136
 20
512.985888
 30
0.0
 10
1322.356523
 20
513.685888
 30
0.0
 10
1321.489856
 20
513.985888
 30
0.0
 10
1319.456469
 20
514.652555
 30
0.0
 10
1318.523136
 20
515.185888
 30
0.0
 10
1317.923243
 20
517.685888
 30
0.0
 10
1317.656576
 20
518.419221
 30
0.0
 10
1317.089856
 20
519.819221
 30
0.0
 10
1316.289856
 20
521.752555
 30
0.0
 10
1315.756523
 20
523.119221
 30
0.0
 10
1314.989909
 20
523.852555
 30
0.0
 10
1313.989803
 20
524.785888
 30
0.0
 10
1311.389909
 20
526.219221
 30
0.0
 10
1308.489856
 20
529.452555
 30
0.0
 10
1304.056576
 20
532.185888
 30
0.0
 10
1303.389909
 20
535.819221
 30
0.0
 10
1302.856576
 20
537.252555
 30
0.0
 10
1301.023189
 20
543.152555
 30
0.0
 10
1298.989909
 20
547.252555
 30
0.0
 10
1298.556523
 20
549.352555
 30
0.0
 10
1298.323243
 20
550.385888
 30
0.0
 10
1298.523136
 20
555.152555
 30
0.0
 10
1298.389803
 20
556.952555
 30
0.0
 10
1297.423189
 20
558.152555
 30
0.0
 10
1293.623189
 20
558.585888
 30
0.0
 10
1293.089856
 20
559.585888
 30
0.0
 10
1291.489856
 20
562.519221
 30
0.0
 10
1290.056576
 20
563.719221
 30
0.0
 10
1288.923136
 20
567.385888
 30
0.0
 10
1290.656469
 20
569.452555
 30
0.0
 10
1290.856576
 20
571.385888
 30
0.0
 10
1289.689856
 20
573.285888
 30
0.0
 10
1286.989909
 20
574.219221
 30
0.0
 10
1285.823189
 20
575.352555
 30
0.0
 10
1284.356523
 20
578.452555
 30
0.0
 10
1281.889856
 20
578.485888
 30
0.0
 10
1280.389803
 20
579.052555
 30
0.0
 10
1279.089856
 20
583.585888
 30
0.0
 10
1279.489856
 20
585.985888
 30
0.0
 10
1281.756523
 20
589.385888
 30
0.0
 10
1282.189909
 20
590.585888
 30
0.0
 10
1282.456576
 20
594.252555
 30
0.0
 10
1280.523136
 20
600.785888
 30
0.0
 10
1280.556523
 20
602.552555
 30
0.0
 10
1282.056576
 20
604.752555
 30
0.0
 10
1281.889856
 20
605.619221
 30
0.0
 10
1282.789803
 20
607.085888
 30
0.0
 10
1283.789909
 20
607.752555
 30
0.0
 10
1285.489856
 20
610.385888
 30
0.0
 10
1287.389909
 20
611.352555
 30
0.0
 10
1287.756523
 20
614.685888
 30
0.0
 10
1288.523136
 20
615.352555
 30
0.0
 10
1291.089856
 20
616.219221
 30
0.0
 10
1291.723136
 20
619.319221
 30
0.0
 10
1292.323243
 20
620.319221
 30
0.0
 10
1295.589803
 20
621.885888
 30
0.0
 10
1297.089856
 20
627.352555
 30
0.0
 10
1296.689856
 20
628.485888
 30
0.0
 10
1296.723243
 20
629.919221
 30
0.0
 10
1294.623189
 20
633.885888
 30
0.0
 10
1294.356523
 20
635.219221
 30
0.0
 10
1294.656469
 20
637.685888
 30
0.0
 10
1294.323243
 20
642.319221
 30
0.0
 10
1296.023189
 20
643.919221
 30
0.0
 10
1296.223189
 20
646.252555
 30
0.0
 10
1294.289856
 20
646.652555
 30
0.0
 10
1293.123243
 20
646.885888
 30
0.0
 10
1291.923243
 20
648.719221
 30
0.0
 10
1291.956523
 20
651.152554
 30
0.0
 10
1292.756523
 20
655.619221
 30
0.0
 10
1292.156523
 20
659.985888
 30
0.0
 10
1290.789803
 20
661.852554
 30
0.0
 10
1291.589803
 20
663.852554
 30
0.0
 10
1291.823189
 20
666.719221
 30
0.0
 10
1289.989803
 20
669.252554
 30
0.0
 10
1289.256576
 20
670.985888
 30
0.0
 10
1288.589909
 20
671.652555
 30
0.0
 10
1286.789803
 20
671.652555
 30
0.0
 10
1283.523243
 20
671.552555
 30
0.0
 10
1282.956523
 20
671.519221
 30
0.0
 10
1282.089856
 20
671.319221
 30
0.0
 10
1280.123136
 20
670.852555
 30
0.0
 10
1276.856576
 20
671.119221
 30
0.0
 10
1272.823189
 20
670.052555
 30
0.0
 10
1271.356523
 20
669.119221
 30
0.0
 10
1270.323243
 20
668.919221
 30
0.0
 10
1268.289856
 20
670.952555
 30
0.0
 10
1265.556523
 20
670.585888
 30
0.0
 10
1264.189909
 20
671.152555
 30
0.0
 10
1263.056469
 20
672.919221
 30
0.0
 10
1262.656469
 20
674.019221
 30
0.0
 10
1261.556523
 20
674.185888
 30
0.0
 10
1259.623189
 20
675.152555
 30
0.0
 10
1258.823189
 20
676.485888
 30
0.0
 10
1255.523243
 20
676.952555
 30
0.0
 10
1253.789909
 20
676.085888
 30
0.0
 10
1251.589803
 20
674.019221
 30
0.0
 10
1250.623189
 20
674.485888
 30
0.0
 10
1249.123243
 20
676.652555
 30
0.0
 10
1249.689856
 20
678.252555
 30
0.0
 10
1250.223189
 20
682.219221
 30
0.0
 10
1248.356523
 20
686.319221
 30
0.0
 10
1246.256469
 20
688.119221
 30
0.0
 10
1243.189803
 20
689.252555
 30
0.0
 10
1240.823189
 20
687.352555
 30
0.0
 10
1238.889856
 20
687.285888
 30
0.0
 10
1237.523243
 20
687.719221
 30
0.0
 10
1236.723243
 20
687.985888
 30
0.0
 10
1234.189909
 20
690.219221
 30
0.0
 10
1231.289856
 20
691.119221
 30
0.0
 10
1227.189803
 20
694.952555
 30
0.0
 10
1225.623189
 20
695.619221
 30
0.0
 10
1222.689856
 20
692.452555
 30
0.0
 10
1218.489856
 20
691.519221
 30
0.0
 10
1217.756523
 20
691.685888
 30
0.0
 10
1216.223189
 20
692.019221
 30
0.0
 10
1213.789909
 20
692.519221
 30
0.0
 10
1210.989909
 20
691.719221
 30
0.0
 10
1208.723243
 20
686.752555
 30
0.0
 10
1206.256469
 20
682.585888
 30
0.0
 10
1204.323243
 20
680.619221
 30
0.0
 10
1202.556523
 20
677.785888
 30
0.0
 10
1200.856576
 20
676.452555
 30
0.0
 10
1198.956523
 20
674.985888
 30
0.0
 10
1197.723136
 20
674.452555
 30
0.0
 10
1196.389803
 20
675.319221
 30
0.0
 10
1195.789909
 20
676.052555
 30
0.0
 10
1194.456576
 20
677.685888
 30
0.0
 10
1193.356523
 20
677.919221
 30
0.0
 10
1190.756523
 20
674.952555
 30
0.0
 10
1190.089856
 20
674.885888
 30
0.0
 10
1185.323136
 20
676.685888
 30
0.0
 10
1181.856469
 20
677.619221
 30
0.0
 10
1176.889856
 20
676.585888
 30
0.0
 10
1174.223189
 20
676.885888
 30
0.0
 10
1171.523243
 20
677.219221
 30
0.0
 10
1168.356523
 20
677.319221
 30
0.0
 10
1165.756523
 20
678.552555
 30
0.0
 10
1164.223189
 20
678.819221
 30
0.0
 10
1156.656469
 20
678.252555
 30
0.0
 10
1152.389803
 20
678.319221
 30
0.0
 10
1148.323243
 20
679.352555
 30
0.0
 10
1145.256576
 20
680.719221
 30
0.0
 10
1140.156523
 20
682.985888
 30
0.0
 10
1136.823189
 20
685.819221
 30
0.0
 10
1134.889856
 20
687.452555
 30
0.0
 10
1133.489856
 20
689.319221
 30
0.0
 10
1133.489856
 20
688.085888
 30
0.0
 10
1132.589909
 20
688.485888
 30
0.0
 10
1130.389803
 20
690.985888
 30
0.0
 10
1124.656469
 20
695.352555
 30
0.0
 10
1124.656469
 20
696.852555
 30
0.0
 10
1126.056576
 20
698.819221
 30
0.0
 10
1125.056469
 20
699.885888
 30
0.0
 10
1124.223189
 20
700.285888
 30
0.0
 10
1123.156523
 20
700.785888
 30
0.0
 10
1122.356523
 20
698.252555
 30
0.0
 10
1120.123136
 20
699.619221
 30
0.0
 10
1120.589909
 20
702.285888
 30
0.0
 10
1119.723136
 20
702.519221
 30
0.0
 10
1118.989909
 20
703.419221
 30
0.0
 10
1117.889856
 20
703.085888
 30
0.0
 10
1115.823189
 20
702.785888
 30
0.0
 10
1115.189803
 20
704.219221
 30
0.0
 10
1114.223189
 20
704.552555
 30
0.0
 10
1112.689856
 20
705.052555
 30
0.0
 10
1110.989909
 20
707.052555
 30
0.0
 10
1109.756523
 20
706.985888
 30
0.0
 10
1107.123243
 20
707.985888
 30
0.0
 10
1106.023189
 20
709.285888
 30
0.0
 10
1107.523243
 20
710.585888
 30
0.0
 10
1107.256576
 20
711.519221
 30
0.0
 10
1105.856469
 20
712.585888
 30
0.0
 10
1103.689856
 20
712.119221
 30
0.0
 10
1102.089856
 20
712.685888
 30
0.0
 10
1100.823189
 20
712.485888
 30
0.0
 10
1095.123243
 20
713.019221
 30
0.0
 10
1093.356523
 20
709.852555
 30
0.0
 10
1090.889856
 20
707.419221
 30
0.0
 10
1084.756523
 20
708.585888
 30
0.0
 10
1082.756523
 20
709.352555
 30
0.0
 10
1079.156523
 20
708.619221
 30
0.0
 10
1078.189909
 20
710.085888
 30
0.0
 10
1077.089856
 20
710.819221
 30
0.0
 10
1074.223189
 20
714.219221
 30
0.0
 10
1072.589909
 20
715.619221
 30
0.0
 10
1071.423189
 20
715.785888
 30
0.0
 10
1069.323136
 20
716.119221
 30
0.0
 10
1067.356523
 20
718.685888
 30
0.0
 10
1064.256469
 20
718.885888
 30
0.0
 10
1060.489856
 20
718.419221
 30
0.0
 10
1059.123243
 20
719.385888
 30
0.0
 10
1057.456469
 20
720.519221
 30
0.0
 10
1049.189803
 20
723.385888
 30
0.0
 10
1048.223189
 20
724.752555
 30
0.0
 10
1047.489856
 20
728.085888
 30
0.0
 10
1046.756523
 20
729.485888
 30
0.0
 10
1042.323243
 20
731.319221
 30
0.0
 10
1041.823189
 20
732.752555
 30
0.0
 10
1040.089856
 20
731.385888
 30
0.0
 10
1039.389909
 20
731.485888
 30
0.0
 10
1038.256469
 20
732.552555
 30
0.0
 10
1034.656523
 20
732.619221
 30
0.0
 10
1032.523189
 20
733.819221
 30
0.0
 10
1030.556523
 20
735.852555
 30
0.0
 10
1028.623189
 20
736.252555
 30
0.0
 10
1024.923189
 20
740.285888
 30
0.0
 10
1021.723189
 20
740.719221
 30
0.0
 10
1018.089856
 20
740.785888
 30
0.0
 10
1016.989856
 20
739.185888
 30
0.0
 10
1015.156523
 20
739.919221
 30
0.0
 10
1013.456523
 20
739.485888
 30
0.0
 10
1012.589856
 20
739.752555
 30
0.0
 10
1011.456523
 20
742.485888
 30
0.0
 10
1009.556523
 20
744.019221
 30
0.0
 10
1008.989856
 20
742.419221
 30
0.0
 10
1009.956523
 20
739.819221
 30
0.0
 10
1008.523189
 20
736.785888
 30
0.0
 10
1007.423189
 20
735.719221
 30
0.0
 10
1007.656523
 20
734.519221
 30
0.0
 10
1005.956523
 20
733.519221
 30
0.0
 10
1001.789856
 20
734.385888
 30
0.0
 10
1000.189856
 20
734.719221
 30
0.0
 10
997.756523
 20
734.052555
 30
0.0
 10
996.023189
 20
732.819221
 30
0.0
 10
995.056523
 20
731.385888
 30
0.0
 10
994.156523
 20
730.785888
 30
0.0
 10
992.823189
 20
731.119221
 30
0.0
 10
991.823189
 20
731.985888
 30
0.0
 10
990.489856
 20
733.219221
 30
0.0
 10
990.523136
 20
736.119221
 30
0.0
 10
989.723136
 20
737.385888
 30
0.0
 10
989.323136
 20
739.352555
 30
0.0
 10
987.089803
 20
740.185888
 30
0.0
 10
988.523136
 20
741.152555
 30
0.0
 10
988.723136
 20
742.419221
 30
0.0
 10
988.356469
 20
743.719221
 30
0.0
 10
985.723136
 20
744.719221
 30
0.0
 10
982.723136
 20
744.719221
 30
0.0
 10
981.723136
 20
744.885888
 30
0.0
 10
980.956469
 20
745.485888
 30
0.0
 10
979.756469
 20
745.452555
 30
0.0
 10
977.856469
 20
744.185888
 30
0.0
 10
975.023136
 20
744.685888
 30
0.0
 10
973.623136
 20
744.419221
 30
0.0
 10
973.189803
 20
745.952555
 30
0.0
 10
973.356469
 20
747.819221
 30
0.0
 10
972.456469
 20
748.719221
 30
0.0
 10
969.589803
 20
748.252555
 30
0.0
 10
968.156469
 20
748.519221
 30
0.0
 10
966.322923
 20
749.752768
 30
0.0
  0
LWPOLYLINE
  5
146
100
AcDbEntity
  8
Bezirksgrenzen
 62
1
100
AcDbPolyline
 90
134
 70
0
 10
1162.624683
 20
339.875563
 30
0.0
 10
1158.972416
 20
344.319296
 30
0.0
 10
1158.724949
 20
348.808896
 30
0.0
 10
1157.823616
 20
352.859029
 30
0.0
 10
1155.408683
 20
355.214229
 30
0.0
 10
1155.632683
 20
358.292629
 30
0.0
 10
1154.361216
 20
360.083563
 30
0.0
 10
1155.586816
 20
363.533163
 30
0.0
 10
1154.136149
 20
363.583296
 30
0.0
 10
1154.318549
 20
365.439296
 30
0.0
 10
1153.587883
 20
367.793429
 30
0.0
 10
1150.532949
 20
366.795029
 30
0.0
 10
1150.848683
 20
364.281963
 30
0.0
 10
1150.078549
 20
363.843563
 30
0.0
 10
1148.963883
 20
363.533163
 30
0.0
 10
1148.380416
 20
361.807296
 30
0.0
 10
1145.995349
 20
361.716629
 30
0.0
 10
1146.234283
 20
360.253163
 30
0.0
 10
1146.403883
 20
358.500629
 30
0.0
 10
1145.623083
 20
357.768896
 30
0.0
 10
1143.992149
 20
357.596096
 30
0.0
 10
1141.748949
 20
361.518229
 30
0.0
 10
1139.295616
 20
364.453696
 30
0.0
 10
1137.187883
 20
365.634496
 30
0.0
 10
1134.378283
 20
365.036096
 30
0.0
 10
1131.503616
 20
365.833963
 30
0.0
 10
1127.484416
 20
365.568363
 30
0.0
 10
1123.875883
 20
366.975296
 30
0.0
 10
1120.887083
 20
367.896896
 30
0.0
 10
1118.792149
 20
369.425429
 30
0.0
 10
1117.794816
 20
372.488896
 30
0.0
 10
1117.288149
 20
376.231829
 30
0.0
 10
1115.432149
 20
377.925696
 30
0.0
 10
1111.933483
 20
377.526763
 30
0.0
 10
1109.245483
 20
377.095829
 30
0.0
 10
1108.314283
 20
380.328896
 30
0.0
 10
1108.941483
 20
383.276096
 30
0.0
 10
1108.612949
 20
385.500096
 30
0.0
 10
1109.853483
 20
387.727296
 30
0.0
 10
1110.785749
 20
389.440363
 30
0.0
 10
1110.255616
 20
390.857963
 30
0.0
 10
1109.161216
 20
391.127829
 30
0.0
 10
1107.680683
 20
390.306496
 30
0.0
 10
1106.408149
 20
390.467563
 30
0.0
 10
1104.093483
 20
392.354496
 30
0.0
 10
1102.583083
 20
394.036629
 30
0.0
 10
1100.146816
 20
395.751829
 30
0.0
 10
1096.641749
 20
396.805696
 30
0.0
 10
1094.683349
 20
395.653696
 30
0.0
 10
1090.595883
 20
395.135296
 30
0.0
 10
1090.249216
 20
398.111296
 30
0.0
 10
1087.633749
 20
398.575296
 30
0.0
 10
1087.873749
 20
401.653696
 30
0.0
 10
1088.340949
 20
404.548629
 30
0.0
 10
1087.085483
 20
405.973696
 30
0.0
 10
1086.321749
 20
408.549696
 30
0.0
 10
1085.812949
 20
412.226496
 30
0.0
 10
1085.924949
 20
414.897429
 30
0.0
 10
1085.179349
 20
415.495829
 30
0.0
 10
1083.492949
 20
415.709163
 30
0.0
 10
1082.658816
 20
414.853696
 30
0.0
 10
1081.229483
 20
413.431829
 30
0.0
 10
1079.619883
 20
411.723029
 30
0.0
 10
1078.372949
 20
413.494763
 30
0.0
 10
1077.078016
 20
415.790229
 30
0.0
 10
1075.455616
 20
416.292629
 30
0.0
 10
1072.363349
 20
416.187029
 30
0.0
 10
1071.357483
 20
418.302229
 30
0.0
 10
1069.888683
 20
420.661696
 30
0.0
 10
1064.275883
 20
423.379563
 30
0.0
 10
1060.006016
 20
423.281429
 30
0.0
 10
1055.977216
 20
423.528896
 30
0.0
 10
1053.801216
 20
424.561429
 30
0.0
 10
1053.018283
 20
427.255829
 30
0.0
 10
1052.953216
 20
430.349163
 30
0.0
 10
1050.276949
 20
429.932096
 30
0.0
 10
1046.785749
 20
430.343829
 30
0.0
 10
1042.459349
 20
430.480363
 30
0.0
 10
1041.468416
 20
434.872896
 30
0.0
 10
1038.819883
 20
436.027029
 30
0.0
 10
1037.853483
 20
434.936896
 30
0.0
 10
1035.519616
 20
433.755029
 30
0.0
 10
1033.946283
 20
435.357163
 30
0.0
 10
1033.930283
 20
437.925696
 30
0.0
 10
1033.336149
 20
441.259029
 30
0.0
 10
1031.456683
 20
442.343829
 30
0.0
 10
1027.051349
 20
444.814229
 30
0.0
 10
1024.495616
 20
444.393963
 30
0.0
 10
1021.244416
 20
444.975296
 30
0.0
 10
1018.494549
 20
443.741163
 30
0.0
 10
1014.297216
 20
441.017963
 30
0.0
 10
1014.729216
 20
438.617963
 30
0.0
 10
1013.444949
 20
436.309696
 30
0.0
 10
1010.247083
 20
436.541163
 30
0.0
 10
1006.284416
 20
437.137429
 30
0.0
 10
1003.150549
 20
437.603563
 30
0.0
 10
1000.600149
 20
437.532096
 30
0.0
 10
999.782016
 20
434.866496
 30
0.0
 10
998.302549
 20
431.624896
 30
0.0
 10
999.768149
 20
430.547563
 30
0.0
 10
999.728683
 20
428.333163
 30
0.0
 10
998.788949
 20
425.375296
 30
0.0
 10
996.643883
 20
424.773696
 30
0.0
 10
987.467349
 20
425.639829
 30
0.0
 10
985.919616
 20
421.816896
 30
0.0
 10
984.075349
 20
421.440363
 30
0.0
 10
980.979883
 20
420.623296
 30
0.0
 10
977.597483
 20
420.507029
 30
0.0
 10
972.873216
 20
421.643029
 30
0.0
 10
966.964949
 20
422.859029
 30
0.0
 10
963.073749
 20
420.710763
 30
0.0
 10
961.747883
 20
420.708629
 30
0.0
 10
957.853483
 20
420.690496
 30
0.0
 10
956.402816
 20
419.026496
 30
0.0
 10
953.025749
 20
415.822229
 30
0.0
 10
950.302549
 20
412.544363
 30
0.0
 10
944.372949
 20
412.593429
 30
0.0
 10
942.499883
 20
413.969429
 30
0.0
 10
941.999616
 20
416.020629
 30
0.0
 10
940.964949
 20
417.961963
 30
0.0
 10
939.154816
 20
419.570496
 30
0.0
 10
936.606549
 20
419.557696
 30
0.0
 10
935.114283
 20
419.060629
 30
0.0
 10
933.947349
 20
420.189163
 30
0.0
 10
932.482816
 20
421.207829
 30
0.0
 10
930.161749
 20
420.724629
 30
0.0
 10
928.614016
 20
420.228629
 30
0.0
 10
925.683883
 20
418.821696
 30
0.0
 10
923.473749
 20
418.894229
 30
0.0
 10
921.281749
 20
419.861696
 30
0.0
 10
920.603349
 20
421.095829
 30
0.0
 10
919.159083
 20
421.525696
 30
0.0
 10
918.823083
 20
422.348096
 30
0.0
 10
918.330283
 20
424.217963
 30
0.0
  0
LWPOLYLINE
  5
147
100
AcDbEntity
  8
Bezirksgrenzen
 62
1
100
AcDbPolyline
 90
124
 70
0
 10
1316.302549
 20
521.757163
 30
0.0
 10
1314.446549
 20
519.874496
 30
0.0
 10
1313.498283
 20
515.405163
 30
0.0
 10
1310.217216
 20
516.765163
 30
0.0
 10
1309.897216
 20
520.387563
 30
0.0
 10
1307.529216
 20
520.441963
 30
0.0
 10
1305.817216
 20
522.933696
 30
0.0
 10
1303.337216
 20
521.006229
 30
0.0
 10
1300.730283
 20
521.006229
 30
0.0
 10
1300.048683
 20
519.857429
 30
0.0
 10
1300.591616
 20
517.975829
 30
0.0
 10
1303.231616
 20
516.926229
 30
0.0
 10
1306.151083
 20
515.341163
 30
0.0
 10
1308.410283
 20
513.422229
 30
0.0
 10
1310.692949
 20
512.319296
 30
0.0
 10
1308.155349
 20
508.177429
 30
0.0
 10
1306.353749
 20
502.796096
 30
0.0
 10
1304.175616
 20
498.818496
 30
0.0
 10
1303.018283
 20
499.895829
 30
0.0
 10
1303.120683
 20
503.745429
 30
0.0
 10
1301.319083
 20
505.069163
 30
0.0
 10
1296.376149
 20
506.350229
 30
0.0
 10
1293.678549
 20
507.403029
 30
0.0
 10
1293.791616
 20
509.443563
 30
0.0
 10
1293.299883
 20
511.087296
 30
0.0
 10
1291.360683
 20
511.655829
 30
0.0
 10
1288.190549
 20
510.561429
 30
0.0
 10
1285.530283
 20
510.799296
 30
0.0
 10
1284.076416
 20
509.550229
 30
0.0
 10
1282.390016
 20
506.262763
 30
0.0
 10
1281.571883
 20
504.471829
 30
0.0
 10
1279.770283
 20
503.580096
 30
0.0
 10
1278.675883
 20
500.224363
 30
0.0
 10
1273.134549
 20
499.067029
 30
0.0
 10
1270.394283
 20
497.859563
 30
0.0
 10
1267.709483
 20
495.609963
 30
0.0
 10
1264.666283
 20
493.922496
 30
0.0
 10
1260.908416
 20
493.639829
 30
0.0
 10
1257.329749
 20
491.952363
 30
0.0
 10
1255.756416
 20
488.479296
 30
0.0
 10
1256.046549
 20
485.856363
 30
0.0
 10
1254.433749
 20
483.280363
 30
0.0
 10
1250.363349
 20
482.102763
 30
0.0
 10
1248.372949
 20
480.987029
 30
0.0
 10
1247.250816
 20
478.980629
 30
0.0
 10
1245.707349
 20
476.694763
 30
0.0
 10
1242.847616
 20
474.089963
 30
0.0
 10
1239.051349
 20
469.824363
 30
0.0
 10
1234.828416
 20
464.989163
 30
0.0
 10
1231.359616
 20
471.117163
 30
0.0
 10
1228.906283
 20
475.182229
 30
0.0
 10
1227.160149
 20
478.886763
 30
0.0
 10
1224.089216
 20
477.333696
 30
0.0
 10
1222.445483
 20
478.130496
 30
0.0
 10
1221.672149
 20
478.148629
 30
0.0
 10
1220.030549
 20
476.677696
 30
0.0
 10
1216.796416
 20
475.711296
 30
0.0
 10
1212.571349
 20
473.199296
 30
0.0
 10
1210.681216
 20
471.326229
 30
0.0
 10
1208.908416
 20
467.071296
 30
0.0
 10
1207.402283
 20
463.969429
 30
0.0
 10
1206.451883
 20
461.668629
 30
0.0
 10
1203.470549
 20
461.333696
 30
0.0
 10
1201.448149
 20
458.883563
 30
0.0
 10
1196.371883
 20
457.960896
 30
0.0
 10
1203.258283
 20
450.649963
 30
0.0
 10
1201.368149
 20
446.452629
 30
0.0
 10
1198.193749
 20
443.217429
 30
0.0
 10
1197.706283
 20
440.439829
 30
0.0
 10
1194.974549
 20
440.507029
 30
0.0
 10
1193.663616
 20
438.039829
 30
0.0
 10
1191.433216
 20
439.198229
 30
0.0
 10
1190.363349
 20
441.491563
 30
0.0
 10
1188.378283
 20
442.875029
 30
0.0
 10
1185.415083
 20
443.179029
 30
0.0
 10
1183.051349
 20
441.378496
 30
0.0
 10
1185.000149
 20
438.600896
 30
0.0
 10
1187.342549
 20
437.264363
 30
0.0
 10
1187.522816
 20
434.994496
 30
0.0
 10
1187.139883
 20
431.635563
 30
0.0
 10
1187.644416
 20
428.078229
 30
0.0
 10
1185.035349
 20
426.469696
 30
0.0
 10
1184.314283
 20
423.697429
 30
0.0
 10
1184.187349
 20
421.317696
 30
0.0
 10
1185.087616
 20
418.205163
 30
0.0
 10
1186.376149
 20
414.445163
 30
0.0
 10
1188.182016
 20
410.493163
 30
0.0
 10
1191.898283
 20
410.150763
 30
0.0
 10
1195.150549
 20
409.877696
 30
0.0
 10
1195.761749
 20
408.870763
 30
0.0
 10
1196.337749
 20
406.642496
 30
0.0
 10
1197.464149
 20
401.315563
 30
0.0
 10
1198.440149
 20
396.806763
 30
0.0
 10
1197.847083
 20
394.439829
 30
0.0
 10
1196.720683
 20
393.714496
 30
0.0
 10
1195.129216
 20
393.067029
 30
0.0
 10
1194.627883
 20
391.858496
 30
0.0
 10
1191.728683
 20
392.237163
 30
0.0
 10
1190.989483
 20
390.804629
 30
0.0
 10
1190.807083
 20
388.540096
 30
0.0
 10
1190.726016
 20
385.750763
 30
0.0
 10
1189.522816
 20
382.411029
 30
0.0
 10
1188.936149
 20
380.275563
 30
0.0
 10
1189.414016
 20
378.632896
 30
0.0
 10
1189.483349
 20
375.023296
 30
0.0
 10
1190.499883
 20
373.945963
 30
0.0
 10
1192.770816
 20
371.959829
 30
0.0
 10
1193.578283
 20
369.667563
 30
0.0
 10
1193.282816
 20
367.523563
 30
0.0
 10
1191.919616
 20
364.655296
 30
0.0
 10
1189.843883
 20
361.285696
 30
0.0
 10
1186.810283
 20
359.105429
 30
0.0
 10
1186.622549
 20
356.609429
 30
0.0
 10
1186.518016
 20
353.005163
 30
0.0
 10
1183.763883
 20
350.354496
 30
0.0
 10
1181.816149
 20
349.422229
 30
0.0
 10
1178.353749
 20
348.479296
 30
0.0
 10
1176.781483
 20
346.487829
 30
0.0
 10
1173.547349
 20
343.387029
 30
0.0
 10
1170.996949
 20
341.773163
 30
0.0
 10
1168.781483
 20
341.665429
 30
0.0
 10
1166.109483
 20
341.860629
 30
0.0
 10
1163.986816
 20
341.330496
 30
0.0
 10
1162.624683
 20
339.875563
 30
0.0
  0
LWPOLYLINE
  5
148
100
AcDbEntity
  8
Bezirksgrenzen
 62
1
100
AcDbPolyline
 90
78
 70
1
 10
1172.892416
 20
522.307563
 30
0.0
 10
1174.520149
 20
523.379563
 30
0.0
 10
1177.562283
 20
524.126229
 30
0.0
 10
1180.121216
 20
524.533696
 30
0.0
 10
1183.967616
 20
524.388629
 30
0.0
 10
1188.013483
 20
525.054229
 30
0.0
 10
1190.878549
 20
525.803029
 30
0.0
 10
1193.709483
 20
525.271829
 30
0.0
 10
1197.437483
 20
525.127829
 30
0.0
 10
1201.511083
 20
524.568896
 30
0.0
 10
1203.854549
 20
523.579029
 30
0.0
 10
1205.460949
 20
523.836096
 30
0.0
 10
1208.195883
 20
524.238229
 30
0.0
 10
1209.564416
 20
526.657429
 30
0.0
 10
1212.494549
 20
527.698496
 30
0.0
 10
1214.415616
 20
528.589163
 30
0.0
 10
1216.558549
 20
529.006229
 30
0.0
 10
1222.959616
 20
526.816363
 30
0.0
 10
1226.996949
 20
527.134229
 30
0.0
 10
1232.040149
 20
527.367829
 30
0.0
 10
1234.173483
 20
527.318763
 30
0.0
 10
1233.554816
 20
530.891029
 30
0.0
 10
1233.690283
 20
533.747563
 30
0.0
 10
1230.994816
 20
534.857963
 30
0.0
 10
1228.303616
 20
536.145429
 30
0.0
 10
1227.403349
 20
537.975829
 30
0.0
 10
1228.200149
 20
541.283563
 30
0.0
 10
1227.670016
 20
543.627029
 30
0.0
 10
1229.068416
 20
544.935829
 30
0.0
 10
1230.751616
 20
548.107029
 30
0.0
 10
1229.890816
 20
551.394496
 30
0.0
 10
1228.232149
 20
553.766762
 30
0.0
 10
1229.027883
 20
556.896362
 30
0.0
 10
1229.311616
 20
558.700095
 30
0.0
 10
1226.651349
 20
558.934762
 30
0.0
 10
1223.836416
 20
560.050495
 30
0.0
 10
1222.216149
 20
561.547028
 30
0.0
 10
1222.224683
 20
564.112362
 30
0.0
 10
1222.204416
 20
565.570495
 30
0.0
 10
1220.140416
 20
565.966228
 30
0.0
 10
1217.232683
 20
565.799828
 30
0.0
 10
1213.542016
 20
565.186495
 30
0.0
 10
1210.823083
 20
567.697428
 30
0.0
 10
1210.409216
 20
572.198762
 30
0.0
 10
1206.814549
 20
572.980628
 30
0.0
 10
1203.630549
 20
573.522495
 30
0.0
 10
1200.966016
 20
573.581162
 30
0.0
 10
1200.850816
 20
571.484095
 30
0.0
 10
1200.316416
 20
569.163028
 30
0.0
 10
1198.310016
 20
567.282495
 30
0.0
 10
1195.783083
 20
565.767828
 30
0.0
 10
1191.852416
 20
565.041428
 30
0.0
 10
1188.520149
 20
562.259562
 30
0.0
 10
1185.076949
 20
559.771028
 30
0.0
 10
1182.138283
 20
558.437695
 30
0.0
 10
1179.348949
 20
556.049428
 30
0.0
 10
1179.832149
 20
554.115562
 30
0.0
 10
1179.017216
 20
552.440895
 30
0.0
 10
1177.510016
 20
551.485163
 30
0.0
 10
1176.400683
 20
552.093163
 30
0.0
 10
1176.063616
 20
555.016895
 30
0.0
 10
1174.250283
 20
555.934228
 30
0.0
 10
1171.426816
 20
558.917695
 30
0.0
 10
1170.072149
 20
556.964628
 30
0.0
 10
1169.292416
 20
554.357695
 30
0.0
 10
1168.569216
 20
551.688896
 30
0.0
 10
1170.493483
 20
548.203029
 30
0.0
 10
1170.078549
 20
545.996096
 30
0.0
 10
1170.544683
 20
543.419029
 30
0.0
 10
1169.882283
 20
540.751296
 30
0.0
 10
1169.978283
 20
539.931029
 30
0.0
 10
1168.738816
 20
537.859563
 30
0.0
 10
1167.611349
 20
535.551296
 30
0.0
 10
1167.123883
 20
532.820629
 30
0.0
 10
1170.271616
 20
530.823829
 30
0.0
 10
1169.695616
 20
529.263296
 30
0.0
 10
1172.556416
 20
527.621696
 30
0.0
 10
1171.895083
 20
524.952896
 30
0.0
  0
LWPOLYLINE
  5
149
100
AcDbEntity
  8
Bezirksgrenzen
 62
1
100
AcDbPolyline
 90
135
 70
0
 10
918.330283
 20
424.217963
 30
0.0
 10
920.748416
 20
427.177963
 30
0.0
 10
918.883883
 20
428.739563
 30
0.0
 10
917.736149
 20
430.576363
 30
0.0
 10
916.410283
 20
432.413163
 30
0.0
 10
916.218283
 20
434.518763
 30
0.0
 10
916.240683
 20
438.423829
 30
0.0
 10
917.521749
 20
440.141163
 30
0.0
 10
918.382549
 20
441.635563
 30
0.0
 10
916.857216
 20
442.431296
 30
0.0
 10
915.334016
 20
443.283563
 30
0.0
 10
914.735616
 20
445.922496
 30
0.0
 10
916.014549
 20
447.523563
 30
0.0
 10
916.938283
 20
449.190763
 30
0.0
 10
916.323883
 20
451.014763
 30
0.0
 10
914.937216
 20
452.795029
 30
0.0
 10
915.138816
 20
453.900096
 30
0.0
 10
916.413483
 20
455.383829
 30
0.0
 10
918.330283
 20
456.328896
 30
0.0
 10
920.667349
 20
457.496896
 30
0.0
 10
923.134549
 20
459.186496
 30
0.0
 10
924.587349
 20
460.610496
 30
0.0
 10
924.742016
 20
462.354496
 30
0.0
 10
922.657749
 20
464.737429
 30
0.0
 10
920.935083
 20
467.400896
 30
0.0
 10
919.674283
 20
469.472363
 30
0.0
 10
918.112683
 20
471.432896
 30
0.0
 10
917.180416
 20
475.013696
 30
0.0
 10
914.425216
 20
473.739029
 30
0.0
 10
911.451349
 20
473.228096
 30
0.0
 10
910.528683
 20
474.531563
 30
0.0
 10
908.718549
 20
475.798763
 30
0.0
 10
907.592149
 20
475.826496
 30
0.0
 10
904.685483
 20
475.780629
 30
0.0
 10
901.370283
 20
475.976896
 30
0.0
 10
897.659349
 20
477.231296
 30
0.0
 10
895.515349
 20
479.673963
 30
0.0
 10
892.846549
 20
482.479296
 30
0.0
 10
890.147883
 20
483.766763
 30
0.0
 10
887.760683
 20
485.925696
 30
0.0
 10
884.932949
 20
486.750229
 30
0.0
 10
881.770283
 20
488.632896
 30
0.0
 10
878.166016
 20
489.246229
 30
0.0
 10
876.668416
 20
491.379563
 30
0.0
 10
876.082816
 20
494.543296
 30
0.0
 10
873.809749
 20
496.462229
 30
0.0
 10
871.166549
 20
500.491029
 30
0.0
 10
868.090283
 20
503.713429
 30
0.0
 10
867.097216
 20
505.193963
 30
0.0
 10
867.431083
 20
507.415829
 30
0.0
 10
869.435349
 20
510.206229
 30
0.0
 10
868.815616
 20
512.496363
 30
0.0
 10
873.156949
 20
517.646229
 30
0.0
 10
869.816149
 20
521.368896
 30
0.0
 10
871.200683
 20
524.877163
 30
0.0
 10
870.055083
 20
528.025963
 30
0.0
 10
872.298283
 20
531.889429
 30
0.0
 10
872.774016
 20
542.908096
 30
0.0
 10
874.587349
 20
547.202496
 30
0.0
 10
879.357483
 20
550.222229
 30
0.0
 10
890.092416
 20
546.916629
 30
0.0
 10
900.110549
 20
533.605696
 30
0.0
 10
906.122283
 20
531.028629
 30
0.0
 10
930.976683
 20
537.469163
 30
0.0
 10
934.172416
 20
540.117696
 30
0.0
 10
937.846016
 20
546.271296
 30
0.0
 10
946.432683
 20
547.631296
 30
0.0
 10
950.537216
 20
547.128896
 30
0.0
 10
952.607616
 20
548.262763
 30
0.0
 10
954.408149
 20
549.519296
 30
0.0
 10
956.800683
 20
550.642496
 30
0.0
 10
956.122283
 20
552.579562
 30
0.0
 10
957.054549
 20
555.129962
 30
0.0
 10
959.034283
 20
556.552895
 30
0.0
 10
960.551083
 20
558.451562
 30
0.0
 10
960.390016
 20
562.943295
 30
0.0
 10
959.659349
 20
568.733162
 30
0.0
 10
959.026816
 20
573.351828
 30
0.0
 10
954.944683
 20
573.832895
 30
0.0
 10
952.406016
 20
574.520895
 30
0.0
 10
953.598549
 20
578.289428
 30
0.0
 10
954.684416
 20
582.877162
 30
0.0
 10
955.015083
 20
588.179562
 30
0.0
 10
955.055616
 20
590.629695
 30
0.0
 10
953.410816
 20
591.474495
 30
0.0
 10
952.009216
 20
592.785428
 30
0.0
 10
949.502549
 20
591.836095
 30
0.0
 10
947.536683
 20
591.287828
 30
0.0
 10
946.480683
 20
591.889428
 30
0.0
 10
948.173483
 20
593.842495
 30
0.0
 10
950.452949
 20
595.377428
 30
0.0
 10
952.445483
 20
597.441428
 30
0.0
 10
951.078016
 20
600.674495
 30
0.0
 10
947.119616
 20
601.444628
 30
0.0
 10
945.959083
 20
602.982762
 30
0.0
 10
945.226283
 20
605.270762
 30
0.0
 10
942.546816
 20
608.001428
 30
0.0
 10
940.801749
 20
610.016362
 30
0.0
 10
940.232149
 20
611.368895
 30
0.0
 10
939.420416
 20
612.432362
 30
0.0
 10
938.502016
 20
614.199828
 30
0.0
 10
938.879616
 20
615.475562
 30
0.0
 10
940.250283
 20
615.919295
 30
0.0
 10
941.561216
 20
616.302228
 30
0.0
 10
941.536683
 20
618.226495
 30
0.0
 10
942.100949
 20
620.143295
 30
0.0
 10
943.415083
 20
620.642495
 30
0.0
 10
945.544149
 20
620.312895
 30
0.0
 10
947.079083
 20
619.993962
 30
0.0
 10
947.809749
 20
621.031828
 30
0.0
 10
948.004949
 20
622.134762
 30
0.0
 10
947.064149
 20
622.561428
 30
0.0
 10
945.635883
 20
625.678228
 30
0.0
 10
945.046016
 20
625.863828
 30
0.0
 10
943.044949
 20
626.773695
 30
0.0
 10
940.027349
 20
627.121428
 30
0.0
 10
937.552683
 20
628.040895
 30
0.0
 10
935.132416
 20
628.723562
 30
0.0
 10
935.043883
 20
630.358762
 30
0.0
 10
933.817216
 20
631.547028
 30
0.0
 10
932.347349
 20
632.215828
 30
0.0
 10
929.700949
 20
633.429695
 30
0.0
 10
928.999083
 20
633.968362
 30
0.0
 10
926.524416
 20
634.887828
 30
0.0
 10
924.684416
 20
634.802495
 30
0.0
 10
923.137749
 20
634.481428
 30
0.0
 10
922.385749
 20
635.601428
 30
0.0
 10
920.738816
 20
636.334228
 30
0.0
 10
919.370283
 20
636.066495
 30
0.0
 10
918.690816
 20
634.504895
 30
0.0
 10
917.126016
 20
633.190762
 30
0.0
 10
916.129749
 20
633.849962
 30
0.0
 10
915.206016
 20
635.211028
 30
0.0
 10
913.394816
 20
636.000362
 30
0.0
 10
907.417216
 20
638.880362
 30
0.0
  0
LWPOLYLINE
  5
14a
100
AcDbEntity
  8
Bezirksgrenzen
 62
1
100
AcDbPolyline
 90
193
 70
0
 10
594.881749
 20
486.278763
 30
0.0
 10
595.999616
 20
486.578496
 30
0.0
 10
597.682816
 20
486.321429
 30
0.0
 10
598.023083
 20
485.619563
 30
0.0
 10
599.651883
 20
485.595029
 30
0.0
 10
600.592683
 20
486.743829
 30
0.0
 10
602.074283
 20
489.400896
 30
0.0
 10
602.039083
 20
491.437163
 30
0.0
 10
604.154283
 20
493.559829
 30
0.0
 10
605.441749
 20
494.358763
 30
0.0
 10
606.904149
 20
495.208896
 30
0.0
 10
608.305749
 20
495.830763
 30
0.0
 10
609.933483
 20
495.922496
 30
0.0
 10
611.958016
 20
495.077696
 30
0.0
 10
614.099883
 20
494.232896
 30
0.0
 10
615.614549
 20
494.619029
 30
0.0
 10
616.726016
 20
495.184363
 30
0.0
 10
619.354283
 20
496.428096
 30
0.0
 10
620.815616
 20
497.103296
 30
0.0
 10
622.319616
 20
496.617963
 30
0.0
 10
624.063616
 20
496.593429
 30
0.0
 10
626.578816
 20
498.009963
 30
0.0
 10
626.046549
 20
497.143829
 30
0.0
 10
624.929749
 20
496.113429
 30
0.0
 10
625.086549
 20
494.482496
 30
0.0
 10
626.536149
 20
494.171029
 30
0.0
 10
628.567083
 20
493.965163
 30
0.0
 10
628.791083
 20
493.032896
 30
0.0
 10
628.320683
 20
492.573163
 30
0.0
 10
629.876949
 20
491.211029
 30
0.0
 10
631.148416
 20
490.670229
 30
0.0
 10
631.023616
 20
489.915029
 30
0.0
 10
632.059349
 20
488.969963
 30
0.0
 10
633.855616
 20
488.418496
 30
0.0
 10
635.238016
 20
487.236629
 30
0.0
 10
636.368683
 20
487.020096
 30
0.0
 10
637.437483
 20
487.118229
 30
0.0
 10
638.810283
 20
486.723563
 30
0.0
 10
640.847616
 20
486.430229
 30
0.0
 10
643.750016
 20
487.118229
 30
0.0
 10
645.022549
 20
486.133696
 30
0.0
 10
644.513749
 20
484.560363
 30
0.0
 10
643.089749
 20
482.292629
 30
0.0
 10
643.815083
 20
479.605696
 30
0.0
 10
646.258816
 20
479.920363
 30
0.0
 10
648.241749
 20
480.471829
 30
0.0
 10
650.622549
 20
480.437696
 30
0.0
 10
652.207616
 20
481.870229
 30
0.0
 10
654.191616
 20
482.540096
 30
0.0
 10
656.239616
 20
483.792363
 30
0.0
 10
657.933483
 20
484.639296
 30
0.0
 10
659.917483
 20
485.367829
 30
0.0
 10
662.593749
 20
485.504363
 30
0.0
 10
663.762816
 20
486.184896
 30
0.0
 10
665.230549
 20
487.560896
 30
0.0
 10
665.651883
 20
488.952896
 30
0.0
 10
666.541483
 20
490.566763
 30
0.0
 10
667.535616
 20
491.137429
 30
0.0
 10
669.391616
 20
490.760896
 30
0.0
 10
669.786283
 20
489.647296
 30
0.0
 10
669.539883
 20
488.430229
 30
0.0
 10
671.208149
 20
486.777963
 30
0.0
 10
672.942549
 20
485.878763
 30
0.0
 10
674.419883
 20
485.147029
 30
0.0
 10
676.301483
 20
484.360896
 30
0.0
 10
678.336683
 20
483.967296
 30
0.0
 10
680.221483
 20
483.475563
 30
0.0
 10
682.003883
 20
482.884629
 30
0.0
 10
682.662016
 20
481.782763
 30
0.0
 10
682.470016
 20
480.210496
 30
0.0
 10
681.823616
 20
479.463829
 30
0.0
 10
681.470549
 20
478.946496
 30
0.0
 10
681.337216
 20
477.552363
 30
0.0
 10
681.380949
 20
476.212629
 30
0.0
 10
681.414016
 20
473.884096
 30
0.0
 10
681.400149
 20
472.604096
 30
0.0
 10
679.824683
 20
471.985429
 30
0.0
 10
677.684949
 20
473.006229
 30
0.0
 10
676.017749
 20
474.543296
 30
0.0
 10
674.403883
 20
475.906496
 30
0.0
 10
672.271616
 20
477.508629
 30
0.0
 10
670.502016
 20
477.964096
 30
0.0
 10
668.670549
 20
477.768896
 30
0.0
 10
666.631083
 20
477.297429
 30
0.0
 10
666.251349
 20
474.510229
 30
0.0
 10
667.011883
 20
469.669696
 30
0.0
 10
666.664149
 20
464.318229
 30
0.0
 10
666.697216
 20
462.108096
 30
0.0
 10
666.440149
 20
459.666496
 30
0.0
 10
665.495083
 20
458.341696
 30
0.0
 10
665.363883
 20
456.888896
 30
0.0
 10
666.675883
 20
454.657429
 30
0.0
 10
668.049749
 20
452.777963
 30
0.0
 10
668.271616
 20
451.667563
 30
0.0
 10
668.423083
 20
449.513963
 30
0.0
 10
668.110549
 20
447.597163
 30
0.0
 10
667.681749
 20
445.623829
 30
0.0
 10
667.951616
 20
443.698496
 30
0.0
 10
668.812416
 20
442.640363
 30
0.0
 10
670.492416
 20
442.150763
 30
0.0
 10
671.708416
 20
441.725163
 30
0.0
 10
672.105216
 20
440.787563
 30
0.0
 10
673.262549
 20
440.306496
 30
0.0
 10
676.864683
 20
440.079296
 30
0.0
 10
679.116416
 20
438.825963
 30
0.0
 10
680.730283
 20
437.521429
 30
0.0
 10
681.308416
 20
437.339029
 30
0.0
 10
684.383616
 20
436.599829
 30
0.0
 10
686.727083
 20
436.132629
 30
0.0
 10
688.772949
 20
436.248896
 30
0.0
 10
691.054549
 20
436.831296
 30
0.0
 10
693.158016
 20
437.528896
 30
0.0
 10
695.142016
 20
438.109163
 30
0.0
 10
696.884949
 20
438.456896
 30
0.0
 10
698.587349
 20
438.835563
 30
0.0
 10
699.863083
 20
438.642496
 30
0.0
 10
700.262016
 20
437.939563
 30
0.0
 10
700.482816
 20
436.829163
 30
0.0
 10
701.398016
 20
435.419029
 30
0.0
 10
702.176683
 20
434.996629
 30
0.0
 10
702.941483
 20
434.568896
 30
0.0
 10
707.568683
 20
435.499029
 30
0.0
 10
708.659883
 20
435.198229
 30
0.0
 10
710.162816
 20
434.360896
 30
0.0
 10
710.502016
 20
433.484096
 30
0.0
 10
709.731883
 20
432.156096
 30
0.0
 10
707.802283
 20
431.195029
 30
0.0
 10
705.967616
 20
430.673429
 30
0.0
 10
704.042283
 20
431.021163
 30
0.0
 10
702.178816
 20
431.719829
 30
0.0
 10
700.493483
 20
432.766229
 30
0.0
 10
698.994816
 20
433.592896
 30
0.0
 10
697.599616
 20
433.495829
 30
0.0
 10
696.430549
 20
432.931563
 30
0.0
 10
695.370283
 20
431.721963
 30
0.0
 10
694.596949
 20
429.929963
 30
0.0
 10
694.572416
 20
427.719829
 30
0.0
 10
694.674816
 20
426.555029
 30
0.0
 10
694.718549
 20
425.040363
 30
0.0
 10
694.697216
 20
423.236629
 30
0.0
 10
694.739883
 20
421.841429
 30
0.0
 10
698.155349
 20
420.392896
 30
0.0
 10
700.010283
 20
419.959829
 30
0.0
 10
701.978283
 20
419.233429
 30
0.0
 10
704.238549
 20
418.676629
 30
0.0
 10
706.730283
 20
417.884096
 30
0.0
 10
708.931883
 20
417.385963
 30
0.0
 10
711.997483
 20
416.005696
 30
0.0
 10
713.154816
 20
415.521429
 30
0.0
 10
712.780416
 20
413.200363
 30
0.0
 10
713.101483
 20
410.575296
 30
0.0
 10
712.206549
 20
408.436629
 30
0.0
 10
710.672683
 20
406.422763
 30
0.0
 10
708.800683
 20
405.228096
 30
0.0
 10
706.120149
 20
404.564629
 30
0.0
 10
704.948949
 20
403.710229
 30
0.0
 10
704.224683
 20
401.218496
 30
0.0
 10
703.843883
 20
398.255296
 30
0.0
 10
702.961749
 20
397.454229
 30
0.0
 10
701.897216
 20
395.723029
 30
0.0
 10
701.876949
 20
393.685696
 30
0.0
 10
702.393216
 20
393.155563
 30
0.0
 10
705.065216
 20
393.000896
 30
0.0
 10
706.399616
 20
392.864363
 30
0.0
 10
707.494016
 20
391.859563
 30
0.0
 10
707.828949
 20
390.632896
 30
0.0
 10
707.407616
 20
389.301696
 30
0.0
 10
706.748416
 20
387.446763
 30
0.0
 10
706.155349
 20
386.349163
 30
0.0
 10
706.312149
 20
384.719296
 30
0.0
 10
707.571883
 20
382.953963
 30
0.0
 10
706.235349
 20
382.974229
 30
0.0
 10
705.347883
 20
381.532096
 30
0.0
 10
704.458283
 20
379.798763
 30
0.0
 10
702.591616
 20
379.185429
 30
0.0
 10
701.244416
 20
378.332096
 30
0.0
 10
701.220949
 20
376.121963
 30
0.0
 10
701.790549
 20
375.122496
 30
0.0
 10
701.883349
 20
372.909163
 30
0.0
 10
700.878549
 20
371.353963
 30
0.0
 10
700.852949
 20
369.084096
 30
0.0
 10
700.552149
 20
368.099563
 30
0.0
 10
700.820949
 20
365.999296
 30
0.0
 10
702.303616
 20
363.419029
 30
0.0
 10
704.265216
 20
362.051563
 30
0.0
 10
705.703083
 20
360.633963
 30
0.0
 10
707.251883
 20
358.866496
 30
0.0
 10
708.110549
 20
357.688896
 30
0.0
 10
710.775083
 20
356.721429
 30
0.0
 10
713.613483
 20
355.862763
 30
0.0
 10
716.684416
 20
354.948629
 30
0.0
 10
718.769749
 20
354.275563
 30
0.0
 10
720.545749
 20
352.862229
 30
0.0
  0
LWPOLYLINE
  5
14b
100
AcDbEntity
  8
Bezirksgrenzen
 62
1
100
AcDbPolyline
 90
105
 70
0
 10
127.469483
 20
191.584363
 30
0.0
 10
126.906283
 20
193.217429
 30
0.0
 10
126.564949
 20
194.784363
 30
0.0
 10
126.451883
 20
196.475029
 30
0.0
 10
126.276949
 20
198.339563
 30
0.0
 10
126.130816
 20
199.269696
 30
0.0
 10
124.481749
 20
199.972629
 30
0.0
 10
122.836949
 20
200.562496
 30
0.0
 10
121.643349
 20
201.574763
 30
0.0
 10
120.780416
 20
203.123563
 30
0.0
 10
120.602283
 20
205.044629
 30
0.0
 10
120.306816
 20
207.020096
 30
0.0
 10
120.008149
 20
209.115029
 30
0.0
 10
119.895083
 20
210.805696
 30
0.0
 10
119.732949
 20
212.260629
 30
0.0
 10
120.108416
 20
213.268629
 30
0.0
 10
121.130283
 20
214.001429
 30
0.0
 10
122.198016
 20
215.089429
 30
0.0
 10
123.667883
 20
216.307563
 30
0.0
 10
124.572416
 20
217.097963
 30
0.0
 10
125.347883
 20
218.291563
 30
0.0
 10
125.697749
 20
220.055829
 30
0.0
 10
125.665749
 20
221.049963
 30
0.0
 10
125.405483
 20
221.916096
 30
0.0
 10
125.368149
 20
223.085163
 30
0.0
 10
125.443883
 20
224.370496
 30
0.0
 10
125.712683
 20
225.025429
 30
0.0
 10
126.321749
 20
225.979029
 30
0.0
 10
126.829483
 20
226.405696
 30
0.0
 10
128.097749
 20
226.738496
 30
0.0
 10
128.906283
 20
226.882496
 30
0.0
 10
129.110016
 20
227.765696
 30
0.0
 10
128.318549
 20
228.910229
 30
0.0
 10
128.337749
 20
230.136896
 30
0.0
 10
127.791616
 20
230.819563
 30
0.0
 10
126.491349
 20
231.536363
 30
0.0
 10
125.149483
 20
233.537429
 30
0.0
 10
124.539349
 20
234.509163
 30
0.0
 10
123.335083
 20
235.813696
 30
0.0
 10
123.240149
 20
236.918763
 30
0.0
 10
123.856683
 20
237.643029
 30
0.0
 10
124.762283
 20
238.372629
 30
0.0
 10
126.074283
 20
239.119296
 30
0.0
 10
127.041749
 20
239.794496
 30
0.0
 10
127.592149
 20
240.689429
 30
0.0
 10
127.815083
 20
242.800363
 30
0.0
 10
127.713749
 20
244.140096
 30
0.0
 10
126.985216
 20
245.168363
 30
0.0
 10
126.255616
 20
246.136896
 30
0.0
 10
125.712683
 20
246.759829
 30
0.0
 10
125.265749
 20
248.089963
 30
0.0
 10
124.852949
 20
250.063296
 30
0.0
 10
125.440683
 20
251.660096
 30
0.0
 10
126.347349
 20
254.204096
 30
0.0
 10
127.158016
 20
256.099563
 30
0.0
 10
127.800149
 20
257.814763
 30
0.0
 10
128.748416
 20
259.017963
 30
0.0
 10
129.539883
 20
259.684629
 30
0.0
 10
130.152149
 20
260.525163
 30
0.0
 10
131.356416
 20
261.032896
 30
0.0
 10
132.278016
 20
261.238763
 30
0.0
 10
133.310549
 20
261.681429
 30
0.0
 10
134.097749
 20
262.467563
 30
0.0
 10
134.595883
 20
263.186496
 30
0.0
 10
135.094016
 20
263.961963
 30
0.0
 10
135.409749
 20
265.023296
 30
0.0
 10
135.614549
 20
265.849963
 30
0.0
 10
136.431616
 20
265.759296
 30
0.0
 10
137.358549
 20
265.791296
 30
0.0
 10
138.614016
 20
266.475029
 30
0.0
 10
139.169749
 20
267.310229
 30
0.0
 10
139.947349
 20
268.389696
 30
0.0
 10
140.220416
 20
268.923029
 30
0.0
 10
139.758549
 20
270.661696
 30
0.0
 10
139.200683
 20
271.810496
 30
0.0
 10
137.860949
 20
273.693163
 30
0.0
 10
136.951083
 20
274.951829
 30
0.0
 10
136.219349
 20
276.034496
 30
0.0
 10
135.748949
 20
278.006763
 30
0.0
 10
135.702016
 20
279.467029
 30
0.0
 10
136.028416
 20
280.178496
 30
0.0
 10
136.887083
 20
280.557163
 30
0.0
 10
137.833216
 20
281.816896
 30
0.0
 10
138.153216
 20
282.761963
 30
0.0
 10
138.477483
 20
285.286763
 30
0.0
 10
138.224683
 20
287.731563
 30
0.0
 10
138.075349
 20
288.777963
 30
0.0
 10
137.453483
 20
290.041963
 30
0.0
 10
136.795349
 20
290.662763
 30
0.0
 10
136.130816
 20
291.459563
 30
0.0
 10
136.443349
 20
292.579563
 30
0.0
 10
137.287083
 20
293.427563
 30
0.0
 10
137.962283
 20
294.151829
 30
0.0
 10
138.644949
 20
294.521963
 30
0.0
 10
139.212416
 20
295.008363
 30
0.0
 10
139.259349
 20
295.362496
 30
0.0
 10
138.553216
 20
295.630229
 30
0.0
 10
137.789483
 20
295.897963
 30
0.0
 10
137.146283
 20
296.052629
 30
0.0
 10
135.629483
 20
296.235029
 30
0.0
 10
135.104683
 20
296.334229
 30
0.0
 10
134.514816
 20
296.547563
 30
0.0
 10
134.318549
 20
297.301696
 30
0.0
 10
133.770283
 20
298.100629
 30
0.0
 10
133.583616
 20
301.176896
 30
0.0
  0
LWPOLYLINE
  5
14c
100
AcDbEntity
  8
Bezirksgrenzen
 62
1
100
AcDbPolyline
 90
139
 70
0
 10
545.382016
 20
394.389696
 30
0.0
 10
545.315883
 20
393.534229
 30
0.0
 10
545.249749
 20
391.459563
 30
0.0
 10
545.508949
 20
389.604629
 30
0.0
 10
545.823616
 20
388.098496
 30
0.0
 10
548.058283
 20
386.846229
 30
0.0
 10
550.866816
 20
386.241429
 30
0.0
 10
554.260949
 20
385.349696
 30
0.0
 10
556.834816
 20
384.741696
 30
0.0
 10
558.420949
 20
384.004629
 30
0.0
 10
560.189483
 20
382.747029
 30
0.0
 10
561.444949
 20
380.614763
 30
0.0
 10
560.426283
 20
378.513429
 30
0.0
 10
559.394816
 20
377.281429
 30
0.0
 10
558.242816
 20
376.338496
 30
0.0
 10
556.923349
 20
374.813163
 30
0.0
 10
555.719083
 20
373.407296
 30
0.0
 10
556.786816
 20
372.142229
 30
0.0
 10
557.964416
 20
371.455296
 30
0.0
 10
559.502549
 20
369.849963
 30
0.0
 10
559.990016
 20
368.461163
 30
0.0
 10
560.259883
 20
365.966229
 30
0.0
 10
561.337216
 20
364.121963
 30
0.0
 10
562.291883
 20
362.623296
 30
0.0
 10
562.939349
 20
362.166763
 30
0.0
 10
563.374549
 20
360.370496
 30
0.0
 10
563.339349
 20
358.802496
 30
0.0
 10
564.579883
 20
357.771029
 30
0.0
 10
565.756416
 20
357.089429
 30
0.0
 10
566.351616
 20
356.108096
 30
0.0
 10
566.609749
 20
354.544363
 30
0.0
 10
565.522816
 20
353.080896
 30
0.0
 10
563.674283
 20
351.839296
 30
0.0
 10
561.466283
 20
351.349696
 30
0.0
 10
559.889749
 20
351.447829
 30
0.0
 10
558.198016
 20
351.542763
 30
0.0
 10
557.208149
 20
351.358229
 30
0.0
 10
556.241749
 20
349.720896
 30
0.0
 10
556.270549
 20
347.688896
 30
0.0
 10
556.703616
 20
346.009963
 30
0.0
 10
557.137749
 20
344.157163
 30
0.0
 10
556.521216
 20
342.523029
 30
0.0
 10
555.550549
 20
341.059563
 30
0.0
 10
554.459349
 20
340.003563
 30
0.0
 10
553.081216
 20
338.478229
 30
0.0
 10
551.110016
 20
337.760363
 30
0.0
 10
550.075349
 20
336.645696
 30
0.0
 10
549.220949
 20
335.357163
 30
0.0
 10
548.826283
 20
334.307563
 30
0.0
 10
548.433749
 20
333.316629
 30
0.0
 10
547.391616
 20
332.781163
 30
0.0
 10
545.580416
 20
332.876096
 30
0.0
 10
544.700416
 20
333.328363
 30
0.0
 10
543.647616
 20
333.551296
 30
0.0
 10
542.019883
 20
333.240896
 30
0.0
 10
540.628949
 20
332.703296
 30
0.0
 10
538.530819
 20
332.445163
 30
0.0
 10
536.719619
 20
332.831296
 30
0.0
 10
535.204953
 20
332.641429
 30
0.0
 10
533.420419
 20
331.052096
 30
0.0
 10
532.274819
 20
329.645163
 30
0.0
 10
530.439086
 20
327.769963
 30
0.0
 10
530.032686
 20
327.356096
 30
0.0
 10
528.884953
 20
326.240363
 30
0.0
 10
529.311619
 20
324.908096
 30
0.0
 10
530.675886
 20
323.413696
 30
0.0
 10
531.630553
 20
321.917163
 30
0.0
 10
532.817753
 20
320.420629
 30
0.0
 10
533.201753
 20
318.045163
 30
0.0
 10
532.584153
 20
316.527296
 30
0.0
 10
531.895086
 20
315.764629
 30
0.0
 10
530.636419
 20
314.065429
 30
0.0
 10
530.006019
 20
313.361429
 30
0.0
 10
527.201753
 20
313.678229
 30
0.0
 10
524.809219
 20
313.765696
 30
0.0
 10
522.253486
 20
313.155563
 30
0.0
 10
520.859353
 20
312.733163
 30
0.0
 10
519.297753
 20
311.844629
 30
0.0
 10
518.834819
 20
311.491563
 30
0.0
 10
517.087619
 20
311.411563
 30
0.0
 10
515.460953
 20
311.046763
 30
0.0
 10
513.777753
 20
310.445163
 30
0.0
 10
511.672153
 20
310.827029
 30
0.0
 10
508.859353
 20
311.781696
 30
0.0
 10
505.872686
 20
312.676629
 30
0.0
 10
502.289753
 20
314.434496
 30
0.0
 10
498.714286
 20
315.672896
 30
0.0
 10
496.828419
 20
313.037163
 30
0.0
 10
495.107886
 20
311.043563
 30
0.0
 10
493.964419
 20
309.520363
 30
0.0
 10
492.810286
 20
308.637163
 30
0.0
 10
489.789486
 20
307.905429
 30
0.0
 10
488.201219
 20
308.701163
 30
0.0
 10
486.094553
 20
309.314496
 30
0.0
 10
484.758019
 20
308.892096
 30
0.0
 10
484.011353
 20
308.185963
 30
0.0
 10
481.979353
 20
307.467029
 30
0.0
 10
479.709486
 20
307.266496
 30
0.0
 10
477.208153
 20
306.774763
 30
0.0
 10
475.003353
 20
306.050496
 30
0.0
 10
474.430553
 20
305.289963
 30
0.0
 10
473.278553
 20
304.291563
 30
0.0
 10
471.814019
 20
304.852629
 30
0.0
 10
469.626286
 20
306.802496
 30
0.0
 10
468.269486
 20
307.949163
 30
0.0
 10
466.352686
 20
307.345429
 30
0.0
 10
465.502553
 20
305.711296
 30
0.0
 10
465.581486
 20
304.319296
 30
0.0
 10
464.310019
 20
303.430763
 30
0.0
 10
463.340419
 20
303.054229
 30
0.0
 10
462.164953
 20
302.593429
 30
0.0
 10
461.314819
 20
300.960363
 30
0.0
 10
461.873753
 20
298.644629
 30
0.0
 10
462.760153
 20
297.840363
 30
0.0
 10
464.058286
 20
296.753429
 30
0.0
 10
465.361753
 20
295.431829
 30
0.0
 10
466.193753
 20
294.395029
 30
0.0
 10
466.384686
 20
293.236629
 30
0.0
 10
465.825753
 20
291.663296
 30
0.0
 10
465.265753
 20
290.030229
 30
0.0
 10
464.492419
 20
287.003029
 30
0.0
 10
463.864153
 20
286.124096
 30
0.0
 10
462.960686
 20
284.137963
 30
0.0
 10
462.297219
 20
281.576896
 30
0.0
 10
462.448686
 20
279.255829
 30
0.0
 10
462.551086
 20
276.295829
 30
0.0
 10
463.518553
 20
273.925696
 30
0.0
 10
464.151086
 20
270.565696
 30
0.0
 10
465.060953
 20
268.196629
 30
0.0
 10
465.659353
 20
267.099029
 30
0.0
 10
466.659886
 20
266.529429
 30
0.0
 10
467.328686
 20
264.621163
 30
0.0
 10
467.664686
 20
261.606763
 30
0.0
 10
468.619353
 20
260.050496
 30
0.0
 10
469.566553
 20
259.246229
 30
0.0
 10
470.054019
 20
257.685696
 30
0.0
 10
469.959086
 20
256.173163
 30
0.0
 10
470.459353
 20
253.913963
 30
0.0
 10
470.609753
 20
251.583296
 30
0.0
  0
LWPOLYLINE
  5
14d
100
AcDbEntity
  8
Bezirksgrenzen
 62
1
100
AcDbPolyline
 90
112
 70
0
 10
561.623083
 20
253.739029
 30
0.0
 10
563.561216
 20
252.415296
 30
0.0
 10
566.507349
 20
249.527829
 30
0.0
 10
569.117483
 20
244.547563
 30
0.0
 10
569.838549
 20
241.938496
 30
0.0
 10
571.137749
 20
240.201963
 30
0.0
 10
571.899349
 20
239.856363
 30
0.0
 10
573.216683
 20
238.704363
 30
0.0
 10
575.432149
 20
238.689429
 30
0.0
 10
577.592149
 20
239.197163
 30
0.0
 10
578.992683
 20
239.361429
 30
0.0
 10
579.389483
 20
237.555563
 30
0.0
 10
578.391083
 20
236.693696
 30
0.0
 10
577.687083
 20
235.885163
 30
0.0
 10
576.570283
 20
234.613696
 30
0.0
 10
575.682816
 20
232.759829
 30
0.0
 10
574.036949
 20
230.737429
 30
0.0
 10
573.504683
 20
229.518229
 30
0.0
 10
572.679083
 20
228.070763
 30
0.0
 10
573.015083
 20
226.323563
 30
0.0
 10
573.708416
 20
225.099029
 30
0.0
 10
574.168149
 20
224.340629
 30
0.0
 10
575.035349
 20
223.286763
 30
0.0
 10
575.844949
 20
222.467563
 30
0.0
 10
576.074283
 20
221.650496
 30
0.0
 10
576.704683
 20
220.076096
 30
0.0
 10
577.337216
 20
218.562496
 30
0.0
 10
578.090283
 20
218.206229
 30
0.0
 10
579.136683
 20
217.500096
 30
0.0
 10
579.246549
 20
216.629696
 30
0.0
 10
579.409749
 20
214.827029
 30
0.0
 10
580.276949
 20
213.889429
 30
0.0
 10
581.555883
 20
213.474496
 30
0.0
 10
582.603349
 20
213.175829
 30
0.0
 10
583.008683
 20
212.822763
 30
0.0
 10
583.235883
 20
211.776363
 30
0.0
 10
583.577216
 20
210.433429
 30
0.0
 10
584.906283
 20
208.683029
 30
0.0
 10
585.952683
 20
208.268096
 30
0.0
 10
587.934549
 20
208.427029
 30
0.0
 10
589.916416
 20
208.355563
 30
0.0
 10
590.847616
 20
207.941696
 30
0.0
 10
591.366016
 20
207.180096
 30
0.0
 10
591.943083
 20
206.245696
 30
0.0
 10
592.111616
 20
205.199296
 30
0.0
 10
591.808683
 20
203.806229
 30
0.0
 10
591.857749
 20
202.119829
 30
0.0
 10
592.491349
 20
201.126763
 30
0.0
 10
593.304149
 20
200.422763
 30
0.0
 10
593.647616
 20
199.490496
 30
0.0
 10
593.521749
 20
198.444096
 30
0.0
 10
593.336149
 20
196.876096
 30
0.0
 10
593.378816
 20
194.551829
 30
0.0
 10
594.066816
 20
192.742763
 30
0.0
 10
595.403349
 20
192.209429
 30
0.0
 10
597.553749
 20
191.090496
 30
0.0
 10
598.889216
 20
190.384363
 30
0.0
 10
599.757483
 20
189.389163
 30
0.0
 10
601.089749
 20
188.101696
 30
0.0
 10
602.476416
 20
186.463296
 30
0.0
 10
602.990549
 20
184.598763
 30
0.0
 10
604.435883
 20
182.960363
 30
0.0
 10
605.128149
 20
181.965163
 30
0.0
 10
606.872149
 20
181.372096
 30
0.0
 10
608.443349
 20
180.838763
 30
0.0
 10
610.186283
 20
179.777429
 30
0.0
 10
611.345749
 20
178.781163
 30
0.0
 10
612.449749
 20
178.368363
 30
0.0
 10
613.437483
 20
177.953429
 30
0.0
 10
614.479616
 20
176.958229
 30
0.0
 10
615.166549
 20
175.092629
 30
0.0
 10
614.868949
 20
174.105963
 30
0.0
 10
613.980416
 20
172.194496
 30
0.0
 10
612.343083
 20
171.217429
 30
0.0
 10
611.578283
 20
170.467563
 30
0.0
 10
610.577749
 20
168.963563
 30
0.0
 10
609.518549
 20
167.403029
 30
0.0
 10
608.008149
 20
168.226496
 30
0.0
 10
606.850816
 20
169.511829
 30
0.0
 10
605.223083
 20
170.222229
 30
0.0
 10
604.698283
 20
170.225429
 30
0.0
 10
602.596949
 20
169.777429
 30
0.0
 10
600.319616
 20
169.153429
 30
0.0
 10
598.795349
 20
168.118763
 30
0.0
 10
597.916416
 20
167.312363
 30
0.0
 10
596.159616
 20
166.160363
 30
0.0
 10
594.228949
 20
165.246229
 30
0.0
 10
592.594816
 20
164.791829
 30
0.0
 10
591.135616
 20
164.571029
 30
0.0
 10
589.564416
 20
165.103296
 30
0.0
 10
587.702016
 20
165.351829
 30
0.0
 10
585.310549
 20
165.310229
 30
0.0
 10
583.619883
 20
165.147029
 30
0.0
 10
581.459883
 20
164.872896
 30
0.0
 10
579.534549
 20
164.596629
 30
0.0
 10
578.657749
 20
164.137963
 30
0.0
 10
577.135616
 20
163.393429
 30
0.0
 10
576.023083
 20
162.471829
 30
0.0
 10
574.447616
 20
162.366229
 30
0.0
 10
572.403883
 20
161.915029
 30
0.0
 10
571.352149
 20
161.458496
 30
0.0
 10
570.934016
 20
160.124096
 30
0.0
 10
571.212416
 20
158.146496
 30
0.0
 10
570.964949
 20
156.114496
 30
0.0
 10
570.081749
 20
154.897429
 30
0.0
 10
568.622549
 20
154.444096
 30
0.0
 10
567.507883
 20
153.521429
 30
0.0
 10
567.206016
 20
151.779563
 30
0.0
 10
567.543083
 20
150.149696
 30
0.0
 10
566.657749
 20
148.413163
 30
0.0
 10
565.847083
 20
145.857429
 30
0.0
 10
565.760043
 20
142.137963
 30
0.0
  0
LWPOLYLINE
  5
14e
100
AcDbEntity
  8
Bezirksgrenzen
 62
1
100
AcDbPolyline
 90
178
 70
0
 10
486.589483
 20
248.613696
 30
0.0
 10
489.265749
 20
247.901163
 30
0.0
 10
492.259883
 20
248.108096
 30
0.0
 10
494.425216
 20
249.768896
 30
0.0
 10
495.169749
 20
251.809429
 30
0.0
 10
496.502016
 20
253.151296
 30
0.0
 10
498.076416
 20
253.453163
 30
0.0
 10
499.130283
 20
253.227029
 30
0.0
 10
500.177749
 20
253.757163
 30
0.0
 10
501.218816
 20
255.158763
 30
0.0
 10
502.494549
 20
256.327829
 30
0.0
 10
504.474283
 20
257.039296
 30
0.0
 10
507.155883
 20
257.868096
 30
0.0
 10
507.562283
 20
258.163563
 30
0.0
 10
508.777216
 20
259.739029
 30
0.0
 10
508.701483
 20
262.003563
 30
0.0
 10
508.859349
 20
264.155029
 30
0.0
 10
510.244949
 20
266.081429
 30
0.0
 10
512.866816
 20
266.967829
 30
0.0
 10
514.503083
 20
267.096896
 30
0.0
 10
516.078549
 20
267.163029
 30
0.0
 10
518.301483
 20
266.887829
 30
0.0
 10
520.525483
 20
266.493163
 30
0.0
 10
521.983616
 20
266.678763
 30
0.0
 10
523.263616
 20
267.441429
 30
0.0
 10
524.961749
 20
267.044629
 30
0.0
 10
526.717483
 20
266.591296
 30
0.0
 10
528.170283
 20
267.588629
 30
0.0
 10
529.682816
 20
268.411029
 30
0.0
 10
531.025749
 20
268.477163
 30
0.0
 10
532.603349
 20
268.311829
 30
0.0
 10
534.712149
 20
267.801963
 30
0.0
 10
536.296149
 20
266.942229
 30
0.0
 10
537.534549
 20
265.555563
 30
0.0
 10
538.775083
 20
263.876629
 30
0.0
 10
540.770816
 20
262.786496
 30
0.0
 10
542.289749
 20
262.678763
 30
0.0
 10
543.218816
 20
263.441429
 30
0.0
 10
544.614016
 20
264.319296
 30
0.0
 10
546.020949
 20
263.631296
 30
0.0
 10
547.960149
 20
262.482496
 30
0.0
 10
549.368149
 20
261.559829
 30
0.0
 10
551.247616
 20
260.411029
 30
0.0
 10
553.182549
 20
259.435029
 30
0.0
 10
555.590016
 20
257.941696
 30
0.0
 10
557.531349
 20
256.497429
 30
0.0
 10
559.177216
 20
255.289963
 30
0.0
 10
561.623083
 20
253.739029
 30
0.0
 10
562.955349
 20
255.316629
 30
0.0
 10
563.938816
 20
256.309696
 30
0.0
 10
563.632683
 20
257.992896
 30
0.0
 10
563.505749
 20
259.389163
 30
0.0
 10
564.023083
 20
260.321429
 30
0.0
 10
565.949483
 20
260.447296
 30
0.0
 10
566.946816
 20
260.163563
 30
0.0
 10
568.586283
 20
259.651563
 30
0.0
 10
570.458283
 20
259.373163
 30
0.0
 10
571.217749
 20
259.378496
 30
0.0
 10
572.713216
 20
258.559296
 30
0.0
 10
574.153216
 20
257.318763
 30
0.0
 10
575.238016
 20
255.612096
 30
0.0
 10
576.096683
 20
254.321429
 30
0.0
 10
577.547349
 20
254.241429
 30
0.0
 10
581.492949
 20
253.487296
 30
0.0
 10
582.823083
 20
252.883563
 30
0.0
 10
584.105216
 20
253.216363
 30
0.0
 10
585.966549
 20
253.422229
 30
0.0
 10
588.414549
 20
253.968363
 30
0.0
 10
589.915349
 20
253.014763
 30
0.0
 10
591.180416
 20
251.832896
 30
0.0
 10
593.597483
 20
249.702763
 30
0.0
 10
595.273216
 20
248.690496
 30
0.0
 10
596.964949
 20
249.305963
 30
0.0
 10
598.538283
 20
249.748629
 30
0.0
 10
600.922283
 20
249.830763
 30
0.0
 10
603.361749
 20
249.795563
 30
0.0
 10
605.395883
 20
249.708096
 30
0.0
 10
608.174549
 20
248.737429
 30
0.0
 10
609.737216
 20
248.075029
 30
0.0
 10
610.132949
 20
246.962496
 30
0.0
 10
610.634283
 20
245.035029
 30
0.0
 10
611.370283
 20
243.336896
 30
0.0
 10
613.039616
 20
241.627029
 30
0.0
 10
613.900416
 20
240.680896
 30
0.0
 10
613.887616
 20
239.400896
 30
0.0
 10
615.210283
 20
238.041963
 30
0.0
 10
617.124949
 20
237.901163
 30
0.0
 10
618.406016
 20
238.115563
 30
0.0
 10
618.769749
 20
239.447829
 30
0.0
 10
619.822549
 20
240.131563
 30
0.0
 10
621.100416
 20
240.111296
 30
0.0
 10
622.607616
 20
239.683563
 30
0.0
 10
623.291349
 20
238.451563
 30
0.0
 10
624.135083
 20
235.878763
 30
0.0
 10
624.823083
 20
235.053163
 30
0.0
 10
626.153216
 20
234.278763
 30
0.0
 10
628.008149
 20
233.843563
 30
0.0
 10
630.203349
 20
232.764096
 30
0.0
 10
632.231083
 20
232.094229
 30
0.0
 10
633.458816
 20
232.718229
 30
0.0
 10
633.183616
 20
234.118763
 30
0.0
 10
633.948416
 20
235.039296
 30
0.0
 10
635.350016
 20
235.600363
 30
0.0
 10
637.321216
 20
235.222763
 30
0.0
 10
638.770816
 20
234.853696
 30
0.0
 10
641.271083
 20
234.932629
 30
0.0
 10
642.737749
 20
236.249963
 30
0.0
 10
644.036949
 20
238.094229
 30
0.0
 10
647.407616
 20
238.220096
 30
0.0
 10
648.932949
 20
239.361429
 30
0.0
 10
651.433216
 20
239.616363
 30
0.0
 10
654.226816
 20
239.750763
 30
0.0
 10
657.306283
 20
239.765696
 30
0.0
 10
660.333483
 20
240.189163
 30
0.0
 10
661.854549
 20
241.154496
 30
0.0
 10
662.627883
 20
242.887829
 30
0.0
 10
662.183083
 20
244.757696
 30
0.0
 10
661.681749
 20
246.626496
 30
0.0
 10
661.465216
 20
248.143296
 30
0.0
 10
662.188416
 20
250.518763
 30
0.0
 10
663.356416
 20
251.026496
 30
0.0
 10
666.679083
 20
251.969429
 30
0.0
 10
669.068416
 20
252.574229
 30
0.0
 10
671.443883
 20
251.841429
 30
0.0
 10
673.119616
 20
251.004096
 30
0.0
 10
674.871083
 20
251.734763
 30
0.0
 10
677.553749
 20
252.566763
 30
0.0
 10
682.093483
 20
253.201429
 30
0.0
 10
684.416683
 20
253.052096
 30
0.0
 10
685.108949
 20
252.574229
 30
0.0
 10
686.125483
 20
249.765696
 30
0.0
 10
687.322283
 20
247.597163
 30
0.0
 10
689.178283
 20
247.397696
 30
0.0
 10
689.885483
 20
248.141163
 30
0.0
 10
690.768683
 20
249.176896
 30
0.0
 10
692.982016
 20
249.553429
 30
0.0
 10
695.123883
 20
248.765163
 30
0.0
 10
697.048149
 20
249.553429
 30
0.0
 10
698.907349
 20
249.293163
 30
0.0
 10
701.106816
 20
248.563563
 30
0.0
 10
703.949483
 20
248.115563
 30
0.0
 10
706.269483
 20
247.555563
 30
0.0
 10
709.107883
 20
246.759829
 30
0.0
 10
711.713749
 20
245.792363
 30
0.0
 10
713.329749
 20
244.895296
 30
0.0
 10
715.876949
 20
243.870229
 30
0.0
 10
718.367616
 20
243.076629
 30
0.0
 10
719.704149
 20
243.057429
 30
0.0
 10
721.920683
 20
243.782763
 30
0.0
 10
723.789483
 20
244.627563
 30
0.0
 10
726.454016
 20
243.833963
 30
0.0
 10
727.194283
 20
242.540096
 30
0.0
 10
728.350549
 20
241.826496
 30
0.0
 10
729.158016
 20
241.234496
 30
0.0
 10
729.839616
 20
239.885163
 30
0.0
 10
731.580416
 20
239.568363
 30
0.0
 10
732.454016
 20
239.614229
 30
0.0
 10
734.200149
 20
239.995029
 30
0.0
 10
735.943083
 20
239.911829
 30
0.0
 10
738.148949
 20
239.649429
 30
0.0
 10
739.469483
 20
238.117696
 30
0.0
 10
738.590549
 20
237.489429
 30
0.0
 10
738.113749
 20
236.508096
 30
0.0
 10
737.862016
 20
234.591296
 30
0.0
 10
738.420949
 20
232.485696
 30
0.0
 10
739.274283
 20
230.903829
 30
0.0
 10
740.592683
 20
229.195029
 30
0.0
 10
741.451349
 20
228.021696
 30
0.0
 10
743.708416
 20
226.998763
 30
0.0
 10
746.318549
 20
226.553963
 30
0.0
 10
747.831083
 20
226.764096
 30
0.0
 10
749.049216
 20
226.398229
 30
0.0
 10
749.380949
 20
224.937963
 30
0.0
 10
751.171883
 20
223.863829
 30
0.0
 10
752.262016
 20
222.627563
 30
0.0
 10
753.043883
 20
219.649429
 30
0.0
 10
752.717483
 20
216.451563
 30
0.0
 10
754.552149
 20
214.160363
 30
0.0
  0
LWPOLYLINE
  5
14f
100
AcDbEntity
  8
Bezirksgrenzen
 62
1
100
AcDbPolyline
 90
148
 70
0
 10
973.278549
 20
141.461696
 30
0.0
 10
973.232683
 20
143.039296
 30
0.0
 10
970.980949
 20
144.193429
 30
0.0
 10
967.958016
 20
144.670229
 30
0.0
 10
966.409216
 20
145.924629
 30
0.0
 10
967.120683
 20
149.341163
 30
0.0
 10
967.864149
 20
151.476629
 30
0.0
 10
968.089216
 20
153.972629
 30
0.0
 10
968.726016
 20
156.574229
 30
0.0
 10
969.262549
 20
157.142763
 30
0.0
 10
969.182549
 20
158.947563
 30
0.0
 10
968.557483
 20
159.832896
 30
0.0
 10
968.539349
 20
161.752896
 30
0.0
 10
969.074816
 20
162.265963
 30
0.0
 10
968.924416
 20
163.489429
 30
0.0
 10
967.513216
 20
165.789163
 30
0.0
 10
966.991616
 20
168.767296
 30
0.0
 10
967.118549
 20
172.195563
 30
0.0
 10
963.985749
 20
172.963563
 30
0.0
 10
961.747883
 20
173.955563
 30
0.0
 10
958.080683
 20
175.131029
 30
0.0
 10
958.057216
 20
176.818496
 30
0.0
 10
958.454016
 20
179.134229
 30
0.0
 10
959.319083
 20
181.557696
 30
0.0
 10
960.118016
 20
183.516096
 30
0.0
 10
961.265749
 20
185.468096
 30
0.0
 10
963.178283
 20
187.753963
 30
0.0
 10
964.897749
 20
189.111829
 30
0.0
 10
965.220949
 20
190.615829
 30
0.0
 10
963.874816
 20
193.262229
 30
0.0
 10
963.546283
 20
197.224896
 30
0.0
 10
963.954816
 20
200.121963
 30
0.0
 10
964.867883
 20
202.020629
 30
0.0
 10
965.734016
 20
204.444096
 30
0.0
 10
966.372949
 20
207.105429
 30
0.0
 10
964.726016
 20
209.351829
 30
0.0
 10
962.520149
 20
212.716096
 30
0.0
 10
961.747883
 20
213.703829
 30
0.0
 10
960.759083
 20
214.964629
 30
0.0
 10
959.697749
 20
217.259029
 30
0.0
 10
957.891883
 20
220.264896
 30
0.0
 10
956.466816
 20
224.772629
 30
0.0
 10
955.228416
 20
226.952896
 30
0.0
 10
953.437483
 20
227.748629
 30
0.0
 10
949.774549
 20
228.353429
 30
0.0
 10
945.849216
 20
230.359829
 30
0.0
 10
942.801749
 20
232.462229
 30
0.0
 10
940.429483
 20
236.296896
 30
0.0
 10
938.875349
 20
237.318763
 30
0.0
 10
936.332416
 20
238.364096
 30
0.0
 10
934.971349
 20
240.313963
 30
0.0
 10
934.360149
 20
241.839296
 30
0.0
 10
932.200149
 20
241.714496
 30
0.0
 10
931.018283
 20
240.984896
 30
0.0
 10
928.718549
 20
239.756096
 30
0.0
 10
925.671083
 20
239.068096
 30
0.0
 10
922.753749
 20
238.958229
 30
0.0
 10
918.476416
 20
238.006763
 30
0.0
 10
915.656149
 20
236.963563
 30
0.0
 10
914.018816
 20
235.068096
 30
0.0
 10
911.193216
 20
235.121429
 30
0.0
 10
908.414549
 20
234.421696
 30
0.0
 10
903.745749
 20
234.451563
 30
0.0
 10
900.786816
 20
233.406229
 30
0.0
 10
898.241749
 20
232.813163
 30
0.0
 10
896.423083
 20
230.814229
 30
0.0
 10
895.004416
 20
228.747029
 30
0.0
 10
892.658816
 20
229.841429
 30
0.0
 10
890.209749
 20
231.806229
 30
0.0
 10
885.089749
 20
232.545429
 30
0.0
 10
881.811883
 20
233.190763
 30
0.0
 10
880.233216
 20
231.769963
 30
0.0
 10
877.879083
 20
232.395029
 30
0.0
 10
876.528683
 20
234.632896
 30
0.0
 10
876.156416
 20
236.557163
 30
0.0
 10
872.913749
 20
235.691029
 30
0.0
 10
872.155349
 20
235.123563
 30
0.0
 10
870.892416
 20
231.835029
 30
0.0
 10
868.019883
 20
232.470763
 30
0.0
 10
868.038016
 20
230.029163
 30
0.0
 10
866.966016
 20
227.896896
 30
0.0
 10
863.876949
 20
229.409429
 30
0.0
 10
862.782549
 20
229.490496
 30
0.0
 10
863.098283
 20
227.624896
 30
0.0
 10
861.313749
 20
227.830763
 30
0.0
 10
859.980416
 20
227.333696
 30
0.0
 10
859.092949
 20
225.957696
 30
0.0
 10
858.031616
 20
224.348096
 30
0.0
 10
856.927616
 20
223.847829
 30
0.0
 10
855.265749
 20
224.518763
 30
0.0
 10
854.796416
 20
227.724096
 30
0.0
 10
854.782549
 20
230.459029
 30
0.0
 10
855.049216
 20
232.780096
 30
0.0
 10
853.585749
 20
235.077696
 30
0.0
 10
851.355349
 20
236.226496
 30
0.0
 10
847.482283
 20
235.543829
 30
0.0
 10
845.996416
 20
236.504896
 30
0.0
 10
843.924949
 20
236.777963
 30
0.0
 10
841.444949
 20
236.707563
 30
0.0
 10
836.828416
 20
236.508096
 30
0.0
 10
833.770283
 20
236.390763
 30
0.0
 10
832.070016
 20
238.285163
 30
0.0
 10
830.429483
 20
236.690496
 30
0.0
 10
828.497749
 20
238.414229
 30
0.0
 10
827.234816
 20
242.566763
 30
0.0
 10
825.850283
 20
246.142229
 30
0.0
 10
824.782549
 20
247.966229
 30
0.0
 10
822.287616
 20
246.908096
 30
0.0
 10
820.142549
 20
246.136896
 30
0.0
 10
818.911616
 20
244.880363
 30
0.0
 10
817.101483
 20
243.576896
 30
0.0
 10
815.332949
 20
244.717163
 30
0.0
 10
813.718016
 20
244.748096
 30
0.0
 10
811.768149
 20
245.365696
 30
0.0
 10
810.605483
 20
244.751296
 30
0.0
 10
810.443349
 20
241.847829
 30
0.0
 10
810.247083
 20
240.397163
 30
0.0
 10
807.982549
 20
239.335829
 30
0.0
 10
805.241216
 20
237.352896
 30
0.0
 10
803.212416
 20
236.636096
 30
0.0
 10
801.843883
 20
233.872363
 30
0.0
 10
799.670016
 20
231.411563
 30
0.0
 10
797.051349
 20
229.895829
 30
0.0
 10
794.404949
 20
230.293696
 30
0.0
 10
791.521749
 20
230.235029
 30
0.0
 10
791.635883
 20
226.567829
 30
0.0
 10
791.483349
 20
224.188096
 30
0.0
 10
792.150016
 20
222.545429
 30
0.0
 10
789.874816
 20
220.847296
 30
0.0
 10
786.866816
 20
220.264896
 30
0.0
 10
783.972949
 20
219.564096
 30
0.0
 10
782.333483
 20
217.966229
 30
0.0
 10
781.008683
 20
218.111296
 30
0.0
 10
781.145216
 20
215.839296
 30
0.0
 10
780.609749
 20
214.743829
 30
0.0
 10
779.575083
 20
214.880363
 30
0.0
 10
776.675883
 20
213.831829
 30
0.0
 10
774.580949
 20
212.593429
 30
0.0
 10
771.899349
 20
210.843029
 30
0.0
 10
771.021483
 20
209.588629
 30
0.0
 10
769.785216
 20
209.828629
 30
0.0
 10
767.929216
 20
209.233429
 30
0.0
 10
766.908416
 20
207.862763
 30
0.0
 10
766.416683
 20
206.495296
 30
0.0
 10
761.996416
 20
207.857429
 30
0.0
 10
758.930816
 20
211.000896
 30
0.0
 10
756.251349
 20
212.971029
 30
0.0
 10
754.552149
 20
214.160363
 30
0.0
  0
LWPOLYLINE
  5
150
100
AcDbEntity
  8
Bezirksgrenzen
 62
1
100
AcDbPolyline
 90
133
 70
0
 10
720.545749
 20
352.862229
 30
0.0
 10
722.210816
 20
353.119296
 30
0.0
 10
726.962816
 20
352.402496
 30
0.0
 10
733.383083
 20
350.785429
 30
0.0
 10
737.968683
 20
350.595563
 30
0.0
 10
741.334016
 20
350.368363
 30
0.0
 10
744.289749
 20
349.971563
 30
0.0
 10
744.600149
 20
351.189696
 30
0.0
 10
742.951083
 20
353.488363
 30
0.0
 10
743.857749
 20
355.684629
 30
0.0
 10
745.754283
 20
358.044096
 30
0.0
 10
748.091349
 20
358.997696
 30
0.0
 10
749.207083
 20
363.521429
 30
0.0
 10
749.545216
 20
366.488896
 30
0.0
 10
750.257749
 20
367.465963
 30
0.0
 10
749.852416
 20
371.260096
 30
0.0
 10
749.080149
 20
373.775296
 30
0.0
 10
748.132949
 20
376.413163
 30
0.0
 10
746.768683
 20
378.239296
 30
0.0
 10
745.387349
 20
379.078763
 30
0.0
 10
743.197483
 20
380.101696
 30
0.0
 10
737.482283
 20
380.764096
 30
0.0
 10
737.758549
 20
388.052629
 30
0.0
 10
740.330283
 20
400.827029
 30
0.0
 10
741.577216
 20
402.552896
 30
0.0
 10
743.625216
 20
403.628096
 30
0.0
 10
744.689749
 20
404.775829
 30
0.0
 10
744.899883
 20
407.046763
 30
0.0
 10
747.028949
 20
409.456363
 30
0.0
 10
749.732949
 20
411.453163
 30
0.0
 10
751.293483
 20
414.689429
 30
0.0
 10
752.753749
 20
415.248363
 30
0.0
 10
756.301483
 20
415.541696
 30
0.0
 10
758.223616
 20
415.918229
 30
0.0
 10
760.600149
 20
415.648363
 30
0.0
 10
763.212416
 20
415.549163
 30
0.0
 10
764.921216
 20
417.095829
 30
0.0
 10
765.933483
 20
418.652096
 30
0.0
 10
768.323883
 20
419.195029
 30
0.0
 10
770.526549
 20
418.927296
 30
0.0
 10
772.535083
 20
417.381696
 30
0.0
 10
774.425216
 20
415.719829
 30
0.0
 10
776.087083
 20
414.294763
 30
0.0
 10
778.476416
 20
414.837696
 30
0.0
 10
780.411349
 20
415.915029
 30
0.0
 10
782.730283
 20
415.645163
 30
0.0
 10
785.208149
 20
414.382229
 30
0.0
 10
786.512683
 20
412.497429
 30
0.0
 10
787.140949
 20
411.789163
 30
0.0
 10
789.000149
 20
411.760363
 30
0.0
 10
790.513749
 20
412.141163
 30
0.0
 10
793.056683
 20
411.286763
 30
0.0
 10
794.262016
 20
410.335296
 30
0.0
 10
795.458816
 20
408.918763
 30
0.0
 10
797.350016
 20
407.316629
 30
0.0
 10
799.996416
 20
405.641963
 30
0.0
 10
800.537216
 20
403.129963
 30
0.0
 10
799.795883
 20
400.344896
 30
0.0
 10
799.162283
 20
396.975296
 30
0.0
 10
799.160149
 20
393.191829
 30
0.0
 10
799.419349
 20
391.264363
 30
0.0
 10
801.738283
 20
390.934763
 30
0.0
 10
805.520683
 20
391.341163
 30
0.0
 10
808.496683
 20
392.227563
 30
0.0
 10
812.052949
 20
393.160896
 30
0.0
 10
814.104149
 20
394.291563
 30
0.0
 10
814.882816
 20
395.793429
 30
0.0
 10
819.239083
 20
395.783829
 30
0.0
 10
821.584683
 20
397.202496
 30
0.0
 10
823.122816
 20
398.926229
 30
0.0
 10
824.992683
 20
399.709163
 30
0.0
 10
828.420949
 20
399.773163
 30
0.0
 10
830.046549
 20
399.747563
 30
0.0
 10
830.244949
 20
397.529963
 30
0.0
 10
830.655616
 20
394.204096
 30
0.0
 10
832.315349
 20
392.662763
 30
0.0
 10
834.153216
 20
391.351829
 30
0.0
 10
834.601216
 20
390.295829
 30
0.0
 10
835.865216
 20
389.401963
 30
0.0
 10
837.962283
 20
389.775296
 30
0.0
 10
841.208149
 20
389.317696
 30
0.0
 10
843.748949
 20
388.342763
 30
0.0
 10
845.954816
 20
388.425963
 30
0.0
 10
847.203883
 20
390.210496
 30
0.0
 10
848.450816
 20
391.940629
 30
0.0
 10
850.555349
 20
392.720363
 30
0.0
 10
852.538283
 20
393.271829
 30
0.0
 10
853.649749
 20
393.835029
 30
0.0
 10
854.830549
 20
395.041429
 30
0.0
 10
857.229483
 20
396.226496
 30
0.0
 10
857.949483
 20
397.671829
 30
0.0
 10
858.512683
 20
400.164629
 30
0.0
 10
860.147883
 20
400.721429
 30
0.0
 10
861.894016
 20
400.987029
 30
0.0
 10
863.689216
 20
400.667029
 30
0.0
 10
864.495616
 20
400.188096
 30
0.0
 10
865.476949
 20
399.878763
 30
0.0
 10
866.474283
 20
400.504896
 30
0.0
 10
867.546283
 20
402.236096
 30
0.0
 10
868.736683
 20
403.964096
 30
0.0
 10
870.374016
 20
404.637163
 30
0.0
 10
871.715883
 20
405.083029
 30
0.0
 10
872.952149
 20
406.111296
 30
0.0
 10
873.545216
 20
406.973163
 30
0.0
 10
875.110016
 20
406.716096
 30
0.0
 10
877.954816
 20
406.612629
 30
0.0
 10
879.636949
 20
406.528363
 30
0.0
 10
880.880683
 20
407.963029
 30
0.0
 10
881.725483
 20
410.049429
 30
0.0
 10
882.051883
 20
412.254229
 30
0.0
 10
881.730816
 20
414.008896
 30
0.0
 10
881.569749
 20
414.885696
 30
0.0
 10
883.216683
 20
416.199829
 30
0.0
 10
884.874283
 20
418.095296
 30
0.0
 10
887.249749
 20
417.764629
 30
0.0
 10
889.097216
 20
417.036096
 30
0.0
 10
891.086549
 20
417.995029
 30
0.0
 10
893.191083
 20
418.894229
 30
0.0
 10
894.545749
 20
419.977963
 30
0.0
 10
895.940949
 20
420.189163
 30
0.0
 10
898.026283
 20
419.808363
 30
0.0
 10
900.921216
 20
419.296363
 30
0.0
 10
902.313216
 20
419.096896
 30
0.0
 10
903.313749
 20
419.897963
 30
0.0
 10
903.447083
 20
421.059563
 30
0.0
 10
903.247616
 20
423.044629
 30
0.0
 10
904.290816
 20
423.028629
 30
0.0
 10
906.670549
 20
422.814229
 30
0.0
 10
908.683349
 20
425.171563
 30
0.0
 10
910.350549
 20
427.881963
 30
0.0
 10
912.332416
 20
428.258496
 30
0.0
 10
915.918549
 20
427.384896
 30
0.0
 10
918.330283
 20
424.217963
 30
0.0
  0
LWPOLYLINE
  5
151
100
AcDbEntity
  8
Bezirksgrenzen
 62
1
100
AcDbPolyline
 90
96
 70
0
 10
754.552149
 20
214.160363
 30
0.0
 10
755.960149
 20
216.054763
 30
0.0
 10
758.513749
 20
216.949696
 30
0.0
 10
761.196416
 20
219.174763
 30
0.0
 10
762.620416
 20
222.407829
 30
0.0
 10
764.045483
 20
225.638763
 30
0.0
 10
766.082816
 20
226.944363
 30
0.0
 10
768.066816
 20
228.601963
 30
0.0
 10
768.043349
 20
231.620629
 30
0.0
 10
768.371883
 20
235.041429
 30
0.0
 10
770.435883
 20
238.671296
 30
0.0
 10
771.803349
 20
241.901163
 30
0.0
 10
774.083883
 20
244.252096
 30
0.0
 10
775.533483
 20
244.809963
 30
0.0
 10
775.614549
 20
246.668096
 30
0.0
 10
773.919616
 20
250.117696
 30
0.0
 10
771.298816
 20
253.405163
 30
0.0
 10
770.984149
 20
256.194496
 30
0.0
 10
773.210283
 20
258.718229
 30
0.0
 10
775.656149
 20
260.368363
 30
0.0
 10
778.216149
 20
261.956629
 30
0.0
 10
780.609749
 20
264.013163
 30
0.0
 10
783.007616
 20
261.483029
 30
0.0
 10
785.547349
 20
261.275029
 30
0.0
 10
788.729216
 20
261.521429
 30
0.0
 10
789.843883
 20
262.956096
 30
0.0
 10
789.819349
 20
265.859563
 30
0.0
 10
788.329216
 20
266.868629
 30
0.0
 10
786.023083
 20
267.480896
 30
0.0
 10
783.961216
 20
269.074496
 30
0.0
 10
782.195883
 20
271.249429
 30
0.0
 10
781.107883
 20
272.249963
 30
0.0
 10
776.954283
 20
272.715029
 30
0.0
 10
775.489749
 20
276.043029
 30
0.0
 10
773.233749
 20
275.901163
 30
0.0
 10
773.720149
 20
277.983296
 30
0.0
 10
774.250283
 20
278.846229
 30
0.0
 10
772.259883
 20
281.662229
 30
0.0
 10
769.273216
 20
283.213163
 30
0.0
 10
767.394816
 20
285.619563
 30
0.0
 10
765.739349
 20
287.499029
 30
0.0
 10
766.333483
 20
288.942229
 30
0.0
 10
767.789483
 20
289.852096
 30
0.0
 10
768.225749
 20
292.571029
 30
0.0
 10
766.578816
 20
295.150229
 30
0.0
 10
764.043349
 20
295.883029
 30
0.0
 10
761.395883
 20
296.733163
 30
0.0
 10
761.244416
 20
298.590229
 30
0.0
 10
761.556949
 20
300.616896
 30
0.0
 10
761.638016
 20
302.591296
 30
0.0
 10
761.246549
 20
303.816896
 30
0.0
 10
760.678016
 20
304.637163
 30
0.0
 10
758.652416
 20
304.373696
 30
0.0
 10
756.558549
 20
303.241963
 30
0.0
 10
755.161216
 20
302.216896
 30
0.0
 10
753.857749
 20
300.236096
 30
0.0
 10
752.328149
 20
298.512363
 30
0.0
 10
750.347349
 20
298.018496
 30
0.0
 10
749.257216
 20
299.257963
 30
0.0
 10
748.393216
 20
300.141163
 30
0.0
 10
744.970283
 20
300.599829
 30
0.0
 10
742.524416
 20
300.168896
 30
0.0
 10
741.513216
 20
298.087829
 30
0.0
 10
740.272683
 20
296.185963
 30
0.0
 10
738.823083
 20
296.495296
 30
0.0
 10
736.809216
 20
298.386496
 30
0.0
 10
735.076949
 20
299.285696
 30
0.0
 10
732.700416
 20
300.020629
 30
0.0
 10
729.966549
 20
299.766763
 30
0.0
 10
727.876949
 20
300.086763
 30
0.0
 10
726.782549
 20
300.918763
 30
0.0
 10
724.232149
 20
301.653696
 30
0.0
 10
722.500949
 20
302.843029
 30
0.0
 10
722.115883
 20
304.882496
 30
0.0
 10
722.378283
 20
307.673963
 30
0.0
 10
722.238549
 20
310.759829
 30
0.0
 10
722.608683
 20
312.791829
 30
0.0
 10
722.627883
 20
314.479296
 30
0.0
 10
721.901483
 20
317.227029
 30
0.0
 10
721.178283
 20
320.147563
 30
0.0
 10
720.336683
 20
323.068096
 30
0.0
 10
719.780949
 20
325.228096
 30
0.0
 10
719.567616
 20
327.036096
 30
0.0
 10
719.178283
 20
328.672363
 30
0.0
 10
718.560683
 20
330.776896
 30
0.0
 10
717.068416
 20
332.424896
 30
0.0
 10
715.595349
 20
335.939563
 30
0.0
 10
715.160149
 20
338.739563
 30
0.0
 10
716.273749
 20
339.478763
 30
0.0
 10
718.491349
 20
340.377963
 30
0.0
 10
718.858283
 20
342.060096
 30
0.0
 10
718.644949
 20
343.924629
 30
0.0
 10
719.353216
 20
344.907029
 30
0.0
 10
719.782016
 20
346.936896
 30
0.0
 10
720.147883
 20
348.502763
 30
0.0
 10
720.545749
 20
352.862229
 30
0.0
  0
SPLINE
  5
152
100
AcDbEntity
  8
See_oben
 62
7
100
AcDbSpline
 70
8
 71
3
 72
8
 73
4
 74
0
 40
0
 40
0
 40
0
 40
0
 40
1
 40
1
 40
1
 40
1
 10
0.000000
 20
403.024576
 30
0.0
 10
0.633954
 20
403.622336
 30
0.0
 10
2.082210
 20
403.156331
 30
0.0
 10
2.899417
 20
402.854027
 30
0.0
  0
SPLINE
  5
153
100
AcDbEntity
  8
See_oben
 62
7
100
AcDbSpline
 70
8
 71
3
 72
8
 73
4
 74
0
 40
0
 40
0
 40
0
 40
0
 40
1
 40
1
 40
1
 40
1
 10
2.899417
 20
402.854027
 30
0.0
 10
4.406270
 20
402.296608
 30
0.0
 10
5.808180
 20
400.476683
 30
0.0
 10
7.163264
 20
399.613504
 30
0.0
  0
SPLINE
  5
154
100
AcDbEntity
  8
See_oben
 62
7
100
AcDbSpline
 70
8
 71
3
 72
8
 73
4
 74
0
 40
0
 40
0
 40
0
 40
0
 40
1
 40
1
 40
1
 40
1
 10
7.163264
 20
399.613504
 30
0.0
 10
8.089836
 20
399.023285
 30
0.0
 10
9.317652
 20
398.072875
 30
0.0
 10
10.403789
 20
397.907957
 30
0.0
  0
SPLINE
  5
155
100
AcDbEntity
  8
See_oben
 62
7
100
AcDbSpline
 70
8
 71
3
 72
8
 73
4
 74
0
 40
0
 40
0
 40
0
 40
0
 40
1
 40
1
 40
1
 40
1
 10
10.403789
 20
397.907957
 30
0.0
 10
11.792844
 20
397.697056
 30
0.0
 10
13.639717
 20
399.076523
 30
0.0
 10
15.008745
 20
398.760736
 30
0.0
  0
SPLINE
  5
156
100
AcDbEntity
  8
See_oben
 62
7
100
AcDbSpline
 70
8
 71
3
 72
8
 73
4
 74
0
 40
0
 40
0
 40
0
 40
0
 40
1
 40
1
 40
1
 40
1
 10
15.008745
 20
398.760736
 30
0.0
 10
16.434691
 20
398.431819
 30
0.0
 10
18.053290
 20
397.031904
 30
0.0
 10
18.931485
 20
395.861312
 30
0.0
  0
SPLINE
  5
157
100
AcDbEntity
  8
See_oben
 62
7
100
AcDbSpline
 70
8
 71
3
 72
8
 73
4
 74
0
 40
0
 40
0
 40
0
 40
0
 40
1
 40
1
 40
1
 40
1
 10
18.931485
 20
395.861312
 30
0.0
 10
19.553220
 20
395.032565
 30
0.0
 10
19.643429
 20
393.537909
 30
0.0
 10
20.125362
 20
392.620789
 30
0.0
  0
SPLINE
  5
158
100
AcDbEntity
  8
See_oben
 62
7
100
AcDbSpline
 70
8
 71
3
 72
8
 73
4
 74
0
 40
0
 40
0
 40
0
 40
0
 40
1
 40
1
 40
1
 40
1
 10
20.125362
 20
392.620789
 30
0.0
 10
20.620628
 20
391.678293
 30
0.0
 10
21.771527
 20
390.707883
 30
0.0
 10
22.172009
 20
389.721376
 30
0.0
  0
SPLINE
  5
159
100
AcDbEntity
  8
See_oben
 62
7
100
AcDbSpline
 70
8
 71
3
 72
8
 73
4
 74
0
 40
0
 40
0
 40
0
 40
0
 40
1
 40
1
 40
1
 40
1
 10
22.172009
 20
389.721376
 30
0.0
 10
22.542211
 20
388.809451
 30
0.0
 10
22.157139
 20
387.312363
 30
0.0
 10
22.683670
 20
386.480853
 30
0.0
  0
SPLINE
  5
15a
100
AcDbEntity
  8
See_oben
 62
7
100
AcDbSpline
 70
8
 71
3
 72
8
 73
4
 74
0
 40
0
 40
0
 40
0
 40
0
 40
1
 40
1
 40
1
 40
1
 10
22.683670
 20
386.480853
 30
0.0
 10
23.412537
 20
385.329813
 30
0.0
 10
25.261076
 20
384.612491
 30
0.0
 10
26.435857
 20
383.922539
 30
0.0
  0
SPLINE
  5
15b
100
AcDbEntity
  8
See_oben
 62
7
100
AcDbSpline
 70
8
 71
3
 72
8
 73
4
 74
0
 40
0
 40
0
 40
0
 40
0
 40
1
 40
1
 40
1
 40
1
 10
26.435857
 20
383.922539
 30
0.0
 10
27.126441
 20
383.516949
 30
0.0
 10
28.028962
 20
382.828341
 30
0.0
 10
28.823612
 20
382.728661
 30
0.0
  0
SPLINE
  5
15c
100
AcDbEntity
  8
See_oben
 62
7
100
AcDbSpline
 70
8
 71
3
 72
8
 73
4
 74
0
 40
0
 40
0
 40
0
 40
0
 40
1
 40
1
 40
1
 40
1
 10
28.823612
 20
382.728661
 30
0.0
 10
30.018555
 20
382.578763
 30
0.0
 10
31.553484
 20
383.747040
 30
0.0
 10
32.746352
 20
383.581429
 30
0.0
  0
SPLINE
  5
15d
100
AcDbEntity
  8
See_oben
 62
7
100
AcDbSpline
 70
8
 71
3
 72
8
 73
4
 74
0
 40
0
 40
0
 40
0
 40
0
 40
1
 40
1
 40
1
 40
1
 10
32.746352
 20
383.581429
 30
0.0
 10
33.607914
 20
383.461824
 30
0.0
 10
34.749737
 20
382.886816
 30
0.0
 10
35.304660
 20
382.217003
 30
0.0
  0
SPLINE
  5
15e
100
AcDbEntity
  8
See_oben
 62
7
100
AcDbSpline
 70
8
 71
3
 72
8
 73
4
 74
0
 40
0
 40
0
 40
0
 40
0
 40
1
 40
1
 40
1
 40
1
 10
35.304660
 20
382.217003
 30
0.0
 10
35.851851
 20
381.556523
 30
0.0
 10
35.482577
 20
380.017504
 30
0.0
 10
36.157430
 20
379.488139
 30
0.0
  0
SPLINE
  5
15f
100
AcDbEntity
  8
See_oben
 62
7
100
AcDbSpline
 70
8
 71
3
 72
8
 73
4
 74
0
 40
0
 40
0
 40
0
 40
0
 40
1
 40
1
 40
1
 40
1
 10
36.157430
 20
379.488139
 30
0.0
 10
36.802820
 20
378.981888
 30
0.0
 10
38.122759
 20
379.617323
 30
0.0
 10
38.886292
 20
379.317589
 30
0.0
  0
SPLINE
  5
160
100
AcDbEntity
  8
See_oben
 62
7
100
AcDbSpline
 70
8
 71
3
 72
8
 73
4
 74
0
 40
0
 40
0
 40
0
 40
0
 40
1
 40
1
 40
1
 40
1
 10
38.886292
 20
379.317589
 30
0.0
 10
39.563212
 20
379.051861
 30
0.0
 10
40.211740
 20
378.257600
 30
0.0
 10
40.762386
 20
377.782603
 30
0.0
  0
SPLINE
  5
161
100
AcDbEntity
  8
See_oben
 62
7
100
AcDbSpline
 70
8
 71
3
 72
8
 73
4
 74
0
 40
0
 40
0
 40
0
 40
0
 40
1
 40
1
 40
1
 40
1
 10
40.762386
 20
377.782603
 30
0.0
 10
41.338347
 20
377.285771
 30
0.0
 10
41.950243
 20
376.400949
 30
0.0
 10
42.638479
 20
376.077067
 30
0.0
  0
SPLINE
  5
162
100
AcDbEntity
  8
See_oben
 62
7
100
AcDbSpline
 70
8
 71
3
 72
8
 73
4
 74
0
 40
0
 40
0
 40
0
 40
0
 40
1
 40
1
 40
1
 40
1
 10
42.638479
 20
376.077067
 30
0.0
 10
43.293201
 20
375.768949
 30
0.0
 10
44.304455
 20
375.787253
 30
0.0
 10
45.026234
 20
375.735957
 30
0.0
  0
SPLINE
  5
163
100
AcDbEntity
  8
See_oben
 62
7
100
AcDbSpline
 70
8
 71
3
 72
8
 73
4
 74
0
 40
0
 40
0
 40
0
 40
0
 40
1
 40
1
 40
1
 40
1
 10
45.026234
 20
375.735957
 30
0.0
 10
45.740757
 20
375.685184
 30
0.0
 10
46.796607
 20
376.099221
 30
0.0
 10
47.413988
 20
375.735957
 30
0.0
  0
SPLINE
  5
164
100
AcDbEntity
  8
See_oben
 62
7
100
AcDbSpline
 70
8
 71
3
 72
8
 73
4
 74
0
 40
0
 40
0
 40
0
 40
0
 40
1
 40
1
 40
1
 40
1
 10
47.413988
 20
375.735957
 30
0.0
 10
47.868012
 20
375.468811
 30
0.0
 10
48.163021
 20
374.717440
 30
0.0
 10
48.266758
 20
374.200971
 30
0.0
  0
SPLINE
  5
165
100
AcDbEntity
  8
See_oben
 62
7
100
AcDbSpline
 70
8
 71
3
 72
8
 73
4
 74
0
 40
0
 40
0
 40
0
 40
0
 40
1
 40
1
 40
1
 40
1
 10
48.266758
 20
374.200971
 30
0.0
 10
48.358001
 20
373.746709
 30
0.0
 10
47.787199
 20
373.011221
 30
0.0
 10
48.096204
 20
372.665984
 30
0.0
  0
SPLINE
  5
166
100
AcDbEntity
  8
See_oben
 62
7
100
AcDbSpline
 70
8
 71
3
 72
8
 73
4
 74
0
 40
0
 40
0
 40
0
 40
0
 40
1
 40
1
 40
1
 40
1
 10
48.096204
 20
372.665984
 30
0.0
 10
48.369195
 20
372.360981
 30
0.0
 10
49.088754
 20
372.494944
 30
0.0
 10
49.460636
 20
372.665984
 30
0.0
  0
SPLINE
  5
167
100
AcDbEntity
  8
See_oben
 62
7
100
AcDbSpline
 70
8
 71
3
 72
8
 73
4
 74
0
 40
0
 40
0
 40
0
 40
0
 40
1
 40
1
 40
1
 40
1
 10
49.460636
 20
372.665984
 30
0.0
 10
49.889207
 20
372.863104
 30
0.0
 10
50.055387
 20
373.662741
 30
0.0
 10
50.483958
 20
373.859861
 30
0.0
  0
SPLINE
  5
168
100
AcDbEntity
  8
See_oben
 62
7
100
AcDbSpline
 70
8
 71
3
 72
8
 73
4
 74
0
 40
0
 40
0
 40
0
 40
0
 40
1
 40
1
 40
1
 40
1
 10
50.483958
 20
373.859861
 30
0.0
 10
51.041780
 20
374.116427
 30
0.0
 10
51.924540
 20
373.958208
 30
0.0
 10
52.530606
 20
373.859861
 30
0.0
  0
SPLINE
  5
169
100
AcDbEntity
  8
See_oben
 62
7
100
AcDbSpline
 70
8
 71
3
 72
8
 73
4
 74
0
 40
0
 40
0
 40
0
 40
0
 40
1
 40
1
 40
1
 40
1
 10
52.530606
 20
373.859861
 30
0.0
 10
53.169456
 20
373.756181
 30
0.0
 10
54.099342
 20
373.614080
 30
0.0
 10
54.577253
 20
373.177643
 30
0.0
  0
SPLINE
  5
16a
100
AcDbEntity
  8
See_oben
 62
7
100
AcDbSpline
 70
8
 71
3
 72
8
 73
4
 74
0
 40
0
 40
0
 40
0
 40
0
 40
1
 40
1
 40
1
 40
1
 10
54.577253
 20
373.177643
 30
0.0
 10
55.237092
 20
372.575072
 30
0.0
 10
55.208227
 20
371.142773
 30
0.0
 10
55.771131
 20
370.448779
 30
0.0
  0
SPLINE
  5
16b
100
AcDbEntity
  8
See_oben
 62
7
100
AcDbSpline
 70
8
 71
3
 72
8
 73
4
 74
0
 40
0
 40
0
 40
0
 40
0
 40
1
 40
1
 40
1
 40
1
 10
55.771131
 20
370.448779
 30
0.0
 10
56.325666
 20
369.765109
 30
0.0
 10
57.663459
 20
369.470891
 30
0.0
 10
58.158885
 20
368.743243
 30
0.0
  0
SPLINE
  5
16c
100
AcDbEntity
  8
See_oben
 62
7
100
AcDbSpline
 70
8
 71
3
 72
8
 73
4
 74
0
 40
0
 40
0
 40
0
 40
0
 40
1
 40
1
 40
1
 40
1
 10
58.158885
 20
368.743243
 30
0.0
 10
58.396343
 20
368.394485
 30
0.0
 10
58.460079
 20
367.798848
 30
0.0
 10
58.499993
 20
367.378816
 30
0.0
  0
SPLINE
  5
16d
100
AcDbEntity
  8
See_oben
 62
7
100
AcDbSpline
 70
8
 71
3
 72
8
 73
4
 74
0
 40
0
 40
0
 40
0
 40
0
 40
1
 40
1
 40
1
 40
1
 10
58.499993
 20
367.378816
 30
0.0
 10
58.587246
 20
366.460544
 30
0.0
 10
58.879382
 20
365.049387
 30
0.0
 10
58.329439
 20
364.308843
 30
0.0
  0
SPLINE
  5
16e
100
AcDbEntity
  8
See_oben
 62
7
100
AcDbSpline
 70
8
 71
3
 72
8
 73
4
 74
0
 40
0
 40
0
 40
0
 40
0
 40
1
 40
1
 40
1
 40
1
 10
58.329439
 20
364.308843
 30
0.0
 10
57.972383
 20
363.828032
 30
0.0
 10
57.043148
 20
363.730528
 30
0.0
 10
56.453346
 20
363.626624
 30
0.0
  0
SPLINE
  5
16f
100
AcDbEntity
  8
See_oben
 62
7
100
AcDbSpline
 70
8
 71
3
 72
8
 73
4
 74
0
 40
0
 40
0
 40
0
 40
0
 40
1
 40
1
 40
1
 40
1
 10
56.453346
 20
363.626624
 30
0.0
 10
55.395153
 20
363.440192
 30
0.0
 10
53.944560
 20
363.686037
 30
0.0
 10
52.871714
 20
363.626624
 30
0.0
  0
SPLINE
  5
170
100
AcDbEntity
  8
See_oben
 62
7
100
AcDbSpline
 70
8
 71
3
 72
8
 73
4
 74
0
 40
0
 40
0
 40
0
 40
0
 40
1
 40
1
 40
1
 40
1
 10
52.871714
 20
363.626624
 30
0.0
 10
52.409093
 20
363.601024
 30
0.0
 10
51.770244
 20
363.619157
 30
0.0
 10
51.336729
 20
363.456075
 30
0.0
  0
SPLINE
  5
171
100
AcDbEntity
  8
See_oben
 62
7
100
AcDbSpline
 70
8
 71
3
 72
8
 73
4
 74
0
 40
0
 40
0
 40
0
 40
0
 40
1
 40
1
 40
1
 40
1
 10
51.336729
 20
363.456075
 30
0.0
 10
50.752354
 20
363.235659
 30
0.0
 10
50.146887
 20
362.614528
 30
0.0
 10
49.631189
 20
362.262197
 30
0.0
  0
SPLINE
  5
172
100
AcDbEntity
  8
See_oben
 62
7
100
AcDbSpline
 70
8
 71
3
 72
8
 73
4
 74
0
 40
0
 40
0
 40
0
 40
0
 40
1
 40
1
 40
1
 40
1
 10
49.631189
 20
362.262197
 30
0.0
 10
49.326538
 20
362.054059
 30
0.0
 10
48.827358
 20
361.876555
 30
0.0
 10
48.607866
 20
361.579979
 30
0.0
  0
SPLINE
  5
173
100
AcDbEntity
  8
See_oben
 62
7
100
AcDbSpline
 70
8
 71
3
 72
8
 73
4
 74
0
 40
0
 40
0
 40
0
 40
0
 40
1
 40
1
 40
1
 40
1
 10
48.607866
 20
361.579979
 30
0.0
 10
48.290083
 20
361.150592
 30
0.0
 10
48.424111
 20
360.296149
 30
0.0
 10
48.096204
 20
359.874443
 30
0.0
  0
SPLINE
  5
174
100
AcDbEntity
  8
See_oben
 62
7
100
AcDbSpline
 70
8
 71
3
 72
8
 73
4
 74
0
 40
0
 40
0
 40
0
 40
0
 40
1
 40
1
 40
1
 40
1
 10
48.096204
 20
359.874443
 30
0.0
 10
47.729927
 20
359.403392
 30
0.0
 10
46.965709
 20
359.010389
 30
0.0
 10
46.390665
 20
358.851115
 30
0.0
  0
SPLINE
  5
175
100
AcDbEntity
  8
See_oben
 62
7
100
AcDbSpline
 70
8
 71
3
 72
8
 73
4
 74
0
 40
0
 40
0
 40
0
 40
0
 40
1
 40
1
 40
1
 40
1
 10
46.390665
 20
358.851115
 30
0.0
 10
45.798949
 20
358.687221
 30
0.0
 10
44.956467
 20
358.807595
 30
0.0
 10
44.344018
 20
358.851115
 30
0.0
  0
SPLINE
  5
176
100
AcDbEntity
  8
See_oben
 62
7
100
AcDbSpline
 70
8
 71
3
 72
8
 73
4
 74
0
 40
0
 40
0
 40
0
 40
0
 40
1
 40
1
 40
1
 40
1
 10
44.344018
 20
358.851115
 30
0.0
 10
43.983129
 20
358.876715
 30
0.0
 10
43.473744
 20
358.859648
 30
0.0
 10
43.150141
 20
359.021675
 30
0.0
  0
SPLINE
  5
177
100
AcDbEntity
  8
See_oben
 62
7
100
AcDbSpline
 70
8
 71
3
 72
8
 73
4
 74
0
 40
0
 40
0
 40
0
 40
0
 40
1
 40
1
 40
1
 40
1
 10
43.150141
 20
359.021675
 30
0.0
 10
42.502935
 20
359.345280
 30
0.0
 10
41.679436
 20
360.042773
 30
0.0
 10
41.444602
 20
360.727211
 30
0.0
  0
SPLINE
  5
178
100
AcDbEntity
  8
See_oben
 62
7
100
AcDbSpline
 70
8
 71
3
 72
8
 73
4
 74
0
 40
0
 40
0
 40
0
 40
0
 40
1
 40
1
 40
1
 40
1
 10
41.444602
 20
360.727211
 30
0.0
 10
41.310725
 20
361.117397
 30
0.0
 10
41.454735
 20
361.711616
 30
0.0
 10
41.615155
 20
362.091637
 30
0.0
  0
SPLINE
  5
179
100
AcDbEntity
  8
See_oben
 62
7
100
AcDbSpline
 70
8
 71
3
 72
8
 73
4
 74
0
 40
0
 40
0
 40
0
 40
0
 40
1
 40
1
 40
1
 40
1
 10
41.615155
 20
362.091637
 30
0.0
 10
41.742602
 20
362.393451
 30
0.0
 10
42.347633
 20
362.620661
 30
0.0
 10
42.297371
 20
362.944405
 30
0.0
  0
SPLINE
  5
17a
100
AcDbEntity
  8
See_oben
 62
7
100
AcDbSpline
 70
8
 71
3
 72
8
 73
4
 74
0
 40
0
 40
0
 40
0
 40
0
 40
1
 40
1
 40
1
 40
1
 10
42.297371
 20
362.944405
 30
0.0
 10
42.240763
 20
363.309003
 30
0.0
 10
41.642909
 20
363.617845
 30
0.0
 10
41.274048
 20
363.626624
 30
0.0
  0
SPLINE
  5
17b
100
AcDbEntity
  8
See_oben
 62
7
100
AcDbSpline
 70
8
 71
3
 72
8
 73
4
 74
0
 40
0
 40
0
 40
0
 40
0
 40
1
 40
1
 40
1
 40
1
 10
41.274048
 20
363.626624
 30
0.0
 10
40.379259
 20
363.647957
 30
0.0
 10
39.421216
 20
362.642453
 30
0.0
 10
38.715739
 20
362.091637
 30
0.0
  0
SPLINE
  5
17c
100
AcDbEntity
  8
See_oben
 62
7
100
AcDbSpline
 70
8
 71
3
 72
8
 73
4
 74
0
 40
0
 40
0
 40
0
 40
0
 40
1
 40
1
 40
1
 40
1
 10
38.715739
 20
362.091637
 30
0.0
 10
37.746154
 20
361.334613
 30
0.0
 10
36.886771
 20
359.798304
 30
0.0
 10
35.816322
 20
359.192224
 30
0.0
  0
SPLINE
  5
17d
100
AcDbEntity
  8
See_oben
 62
7
100
AcDbSpline
 70
8
 71
3
 72
8
 73
4
 74
0
 40
0
 40
0
 40
0
 40
0
 40
1
 40
1
 40
1
 40
1
 10
35.816322
 20
359.192224
 30
0.0
 10
35.265581
 20
358.880405
 30
0.0
 10
34.402175
 20
358.702805
 30
0.0
 10
33.769676
 20
358.680565
 30
0.0
  0
SPLINE
  5
17e
100
AcDbEntity
  8
See_oben
 62
7
100
AcDbSpline
 70
8
 71
3
 72
8
 73
4
 74
0
 40
0
 40
0
 40
0
 40
0
 40
1
 40
1
 40
1
 40
1
 10
33.769676
 20
358.680565
 30
0.0
 10
32.886956
 20
358.649525
 30
0.0
 10
31.618613
 20
358.723019
 30
0.0
 10
30.870258
 20
359.192224
 30
0.0
  0
SPLINE
  5
17f
100
AcDbEntity
  8
See_oben
 62
7
100
AcDbSpline
 70
8
 71
3
 72
8
 73
4
 74
0
 40
0
 40
0
 40
0
 40
0
 40
1
 40
1
 40
1
 40
1
 10
30.870258
 20
359.192224
 30
0.0
 10
29.907709
 20
359.795680
 30
0.0
 10
29.785503
 20
362.171456
 30
0.0
 10
28.653058
 20
362.262197
 30
0.0
  0
SPLINE
  5
180
100
AcDbEntity
  8
See_oben
 62
7
100
AcDbSpline
 70
8
 71
3
 72
8
 73
4
 74
0
 40
0
 40
0
 40
0
 40
0
 40
1
 40
1
 40
1
 40
1
 10
28.653058
 20
362.262197
 30
0.0
 10
28.220285
 20
362.296864
 30
0.0
 10
27.946778
 20
361.535477
 30
0.0
 10
27.629734
 20
361.238869
 30
0.0
  0
SPLINE
  5
181
100
AcDbEntity
  8
See_oben
 62
7
100
AcDbSpline
 70
8
 71
3
 72
8
 73
4
 74
0
 40
0
 40
0
 40
0
 40
0
 40
1
 40
1
 40
1
 40
1
 10
27.629734
 20
361.238869
 30
0.0
 10
26.835367
 20
360.495691
 30
0.0
 10
25.755712
 20
359.523851
 30
0.0
 10
24.900871
 20
358.851115
 30
0.0
  0
SPLINE
  5
182
100
AcDbEntity
  8
See_oben
 62
7
100
AcDbSpline
 70
8
 71
3
 72
8
 73
4
 74
0
 40
0
 40
0
 40
0
 40
0
 40
1
 40
1
 40
1
 40
1
 10
24.900871
 20
358.851115
 30
0.0
 10
24.064191
 20
358.192672
 30
0.0
 10
23.016267
 20
357.126560
 30
0.0
 10
22.001455
 20
356.804469
 30
0.0
  0
SPLINE
  5
183
100
AcDbEntity
  8
See_oben
 62
7
100
AcDbSpline
 70
8
 71
3
 72
8
 73
4
 74
0
 40
0
 40
0
 40
0
 40
0
 40
1
 40
1
 40
1
 40
1
 10
22.001455
 20
356.804469
 30
0.0
 10
20.587162
 20
356.355595
 30
0.0
 10
18.512437
 20
356.523872
 30
0.0
 10
17.055392
 20
356.804469
 30
0.0
  0
SPLINE
  5
184
100
AcDbEntity
  8
See_oben
 62
7
100
AcDbSpline
 70
8
 71
3
 72
8
 73
4
 74
0
 40
0
 40
0
 40
0
 40
0
 40
1
 40
1
 40
1
 40
1
 10
17.055392
 20
356.804469
 30
0.0
 10
15.973126
 20
357.012896
 30
0.0
 10
14.587915
 20
357.599371
 30
0.0
 10
13.644314
 20
358.168896
 30
0.0
  0
SPLINE
  5
185
100
AcDbEntity
  8
See_oben
 62
7
100
AcDbSpline
 70
8
 71
3
 72
8
 73
4
 74
0
 40
0
 40
0
 40
0
 40
0
 40
1
 40
1
 40
1
 40
1
 10
13.644314
 20
358.168896
 30
0.0
 10
12.090604
 20
359.106656
 30
0.0
 10
10.542238
 20
361.074400
 30
0.0
 10
9.039358
 20
362.091637
 30
0.0
  0
SPLINE
  5
186
100
AcDbEntity
  8
See_oben
 62
7
100
AcDbSpline
 70
8
 71
3
 72
8
 73
4
 74
0
 40
0
 40
0
 40
0
 40
0
 40
1
 40
1
 40
1
 40
1
 10
9.039358
 20
362.091637
 30
0.0
 10
8.129580
 20
362.707424
 30
0.0
 10
6.366628
 20
362.856704
 30
0.0
 10
5.798833
 20
363.797184
 30
0.0
  0
SPLINE
  5
187
100
AcDbEntity
  8
See_oben
 62
7
100
AcDbSpline
 70
8
 71
3
 72
8
 73
4
 74
0
 40
0
 40
0
 40
0
 40
0
 40
1
 40
1
 40
1
 40
1
 10
5.798833
 20
363.797184
 30
0.0
 10
5.534385
 20
364.235211
 30
0.0
 10
6.017942
 20
365.040352
 30
0.0
 10
5.798833
 20
365.502720
 30
0.0
  0
SPLINE
  5
188
100
AcDbEntity
  8
See_oben
 62
7
100
AcDbSpline
 70
8
 71
3
 72
8
 73
4
 74
0
 40
0
 40
0
 40
0
 40
0
 40
1
 40
1
 40
1
 40
1
 10
5.798833
 20
365.502720
 30
0.0
 10
5.487421
 20
366.159872
 30
0.0
 10
4.489562
 20
366.582133
 30
0.0
 10
3.922740
 20
367.037707
 30
0.0
  0
SPLINE
  5
189
100
AcDbEntity
  8
See_oben
 62
7
100
AcDbSpline
 70
8
 71
3
 72
8
 73
4
 74
0
 40
0
 40
0
 40
0
 40
0
 40
1
 40
1
 40
1
 40
1
 10
3.922740
 20
367.037707
 30
0.0
 10
2.957313
 20
367.813643
 30
0.0
 10
1.490354
 20
368.657376
 30
0.0
 10
0.682216
 20
369.596011
 30
0.0
  0
SPLINE
  5
18a
100
AcDbEntity
  8
See_oben
 62
7
100
AcDbSpline
 70
8
 71
3
 72
8
 73
4
 74
0
 40
0
 40
0
 40
0
 40
0
 40
1
 40
1
 40
1
 40
1
 10
0.682216
 20
369.596011
 30
0.0
 10
0.413066
 20
369.908619
 30
0.0
 10
0.105879
 20
370.391189
 30
0.0
 10
0.000000
 20
370.789888
 30
0.0
  0
LWPOLYLINE
  5
18b
100
AcDbEntity
  8
Bezirksgrenzen
 62
1
100
AcDbPolyline
 90
52
 70
0
 10
1135.135616
 20
188.050496
 30
0.0
 10
1135.643349
 20
191.426496
 30
0.0
 10
1136.259883
 20
192.452629
 30
0.0
 10
1136.527616
 20
196.752363
 30
0.0
 10
1138.959616
 20
201.441429
 30
0.0
 10
1140.910549
 20
205.678229
 30
0.0
 10
1144.305749
 20
208.062229
 30
0.0
 10
1147.241216
 20
212.209429
 30
0.0
 10
1149.158016
 20
213.828629
 30
0.0
 10
1149.374549
 20
216.673429
 30
0.0
 10
1151.444949
 20
219.396629
 30
0.0
 10
1152.528683
 20
220.464363
 30
0.0
 10
1152.438016
 20
222.793963
 30
0.0
 10
1155.112149
 20
226.135829
 30
0.0
 10
1158.289749
 20
228.933696
 30
0.0
 10
1158.897749
 20
231.358229
 30
0.0
 10
1157.534549
 20
233.907563
 30
0.0
 10
1154.770816
 20
237.849963
 30
0.0
 10
1155.160149
 20
240.628629
 30
0.0
 10
1153.028949
 20
244.429163
 30
0.0
 10
1151.946283
 20
248.310763
 30
0.0
 10
1150.718549
 20
249.751829
 30
0.0
 10
1151.223083
 20
252.525163
 30
0.0
 10
1151.840683
 20
256.812096
 30
0.0
 10
1153.417216
 20
261.939563
 30
0.0
 10
1154.615083
 20
266.263829
 30
0.0
 10
1153.915349
 20
272.748096
 30
0.0
 10
1152.671616
 20
278.613696
 30
0.0
 10
1151.395883
 20
283.607829
 30
0.0
 10
1150.978816
 20
284.962496
 30
0.0
 10
1150.003883
 20
285.345429
 30
0.0
 10
1149.918549
 20
289.480896
 30
0.0
 10
1149.136683
 20
293.640896
 30
0.0
 10
1147.649749
 20
297.595029
 30
0.0
 10
1147.069483
 20
300.875029
 30
0.0
 10
1145.690283
 20
304.589163
 30
0.0
 10
1145.065216
 20
308.222229
 30
0.0
 10
1144.738816
 20
312.132629
 30
0.0
 10
1143.667883
 20
314.732096
 30
0.0
 10
1142.283349
 20
318.274496
 30
0.0
 10
1140.784683
 20
320.247829
 30
0.0
 10
1138.530816
 20
323.820096
 30
0.0
 10
1140.353749
 20
327.772096
 30
0.0
 10
1144.175616
 20
329.035029
 30
0.0
 10
1145.451349
 20
332.251029
 30
0.0
 10
1146.733483
 20
335.640896
 30
0.0
 10
1149.149483
 20
330.082496
 30
0.0
 10
1150.874283
 20
332.873963
 30
0.0
 10
1151.314816
 20
335.477696
 30
0.0
 10
1155.122816
 20
336.333163
 30
0.0
 10
1158.449749
 20
336.799296
 30
0.0
 10
1162.618283
 20
339.875563
 30
0.0
  0
SPLINE
  5
18c
100
AcDbEntity
  8
See_oben
 62
4
100
AcDbSpline
 70
8
 71
3
 72
8
 73
4
 74
0
 40
0
 40
0
 40
0
 40
0
 40
1
 40
1
 40
1
 40
1
 10
0.000000
 20
403.024576
 30
0.0
 10
0.633954
 20
403.622336
 30
0.0
 10
2.082210
 20
403.156331
 30
0.0
 10
2.899417
 20
402.854027
 30
0.0
  0
SPLINE
  5
18d
100
AcDbEntity
  8
See_oben
 62
4
100
AcDbSpline
 70
8
 71
3
 72
8
 73
4
 74
0
 40
0
 40
0
 40
0
 40
0
 40
1
 40
1
 40
1
 40
1
 10
2.899417
 20
402.854027
 30
0.0
 10
4.406270
 20
402.296608
 30
0.0
 10
5.808180
 20
400.476683
 30
0.0
 10
7.163264
 20
399.613504
 30
0.0
  0
SPLINE
  5
18e
100
AcDbEntity
  8
See_oben
 62
4
100
AcDbSpline
 70
8
 71
3
 72
8
 73
4
 74
0
 40
0
 40
0
 40
0
 40
0
 40
1
 40
1
 40
1
 40
1
 10
7.163264
 20
399.613504
 30
0.0
 10
8.089836
 20
399.023285
 30
0.0
 10
9.317652
 20
398.072875
 30
0.0
 10
10.403789
 20
397.907957
 30
0.0
  0
SPLINE
  5
18f
100
AcDbEntity
  8
See_oben
 62
4
100
AcDbSpline
 70
8
 71
3
 72
8
 73
4
 74
0
 40
0
 40
0
 40
0
 40
0
 40
1
 40
1
 40
1
 40
1
 10
10.403789
 20
397.907957
 30
0.0
 10
11.792844
 20
397.697056
 30
0.0
 10
13.639717
 20
399.076523
 30
0.0
 10
15.008745
 20
398.760736
 30
0.0
  0
SPLINE
  5
190
100
AcDbEntity
  8
See_oben
 62
4
100
AcDbSpline
 70
8
 71
3
 72
8
 73
4
 74
0
 40
0
 40
0
 40
0
 40
0
 40
1
 40
1
 40
1
 40
1
 10
15.008745
 20
398.760736
 30
0.0
 10
16.434691
 20
398.431819
 30
0.0
 10
18.053290
 20
397.031904
 30
0.0
 10
18.931485
 20
395.861312
 30
0.0
  0
SPLINE
  5
191
100
AcDbEntity
  8
See_oben
 62
4
100
AcDbSpline
 70
8
 71
3
 72
8
 73
4
 74
0
 40
0
 40
0
 40
0
 40
0
 40
1
 40
1
 40
1
 40
1
 10
18.931485
 20
395.861312
 30
0.0
 10
19.553220
 20
395.032565
 30
0.0
 10
19.643429
 20
393.537909
 30
0.0
 10
20.125362
 20
392.620789
 30
0.0
  0
SPLINE
  5
192
100
AcDbEntity
  8
See_oben
 62
4
100
AcDbSpline
 70
8
 71
3
 72
8
 73
4
 74
0
 40
0
 40
0
 40
0
 40
0
 40
1
 40
1
 40
1
 40
1
 10
20.125362
 20
392.620789
 30
0.0
 10
20.620628
 20
391.678293
 30
0.0
 10
21.771527
 20
390.707883
 30
0.0
 10
22.172009
 20
389.721376
 30
0.0
  0
SPLINE
  5
193
100
AcDbEntity
  8
See_oben
 62
4
100
AcDbSpline
 70
8
 71
3
 72
8
 73
4
 74
0
 40
0
 40
0
 40
0
 40
0
 40
1
 40
1
 40
1
 40
1
 10
22.172009
 20
389.721376
 30
0.0
 10
22.542211
 20
388.809451
 30
0.0
 10
22.157139
 20
387.312363
 30
0.0
 10
22.683670
 20
386.480853
 30
0.0
  0
SPLINE
  5
194
100
AcDbEntity
  8
See_oben
 62
4
100
AcDbSpline
 70
8
 71
3
 72
8
 73
4
 74
0
 40
0
 40
0
 40
0
 40
0
 40
1
 40
1
 40
1
 40
1
 10
22.683670
 20
386.480853
 30
0.0
 10
23.412537
 20
385.329813
 30
0.0
 10
25.261076
 20
384.612491
 30
0.0
 10
26.435857
 20
383.922539
 30
0.0
  0
SPLINE
  5
195
100
AcDbEntity
  8
See_oben
 62
4
100
AcDbSpline
 70
8
 71
3
 72
8
 73
4
 74
0
 40
0
 40
0
 40
0
 40
0
 40
1
 40
1
 40
1
 40
1
 10
26.435857
 20
383.922539
 30
0.0
 10
27.126441
 20
383.516949
 30
0.0
 10
28.028962
 20
382.828341
 30
0.0
 10
28.823612
 20
382.728661
 30
0.0
  0
SPLINE
  5
196
100
AcDbEntity
  8
See_oben
 62
4
100
AcDbSpline
 70
8
 71
3
 72
8
 73
4
 74
0
 40
0
 40
0
 40
0
 40
0
 40
1
 40
1
 40
1
 40
1
 10
28.823612
 20
382.728661
 30
0.0
 10
30.018555
 20
382.578763
 30
0.0
 10
31.553484
 20
383.747040
 30
0.0
 10
32.746352
 20
383.581429
 30
0.0
  0
SPLINE
  5
197
100
AcDbEntity
  8
See_oben
 62
4
100
AcDbSpline
 70
8
 71
3
 72
8
 73
4
 74
0
 40
0
 40
0
 40
0
 40
0
 40
1
 40
1
 40
1
 40
1
 10
32.746352
 20
383.581429
 30
0.0
 10
33.607914
 20
383.461824
 30
0.0
 10
34.749737
 20
382.886816
 30
0.0
 10
35.304660
 20
382.217003
 30
0.0
  0
SPLINE
  5
198
100
AcDbEntity
  8
See_oben
 62
4
100
AcDbSpline
 70
8
 71
3
 72
8
 73
4
 74
0
 40
0
 40
0
 40
0
 40
0
 40
1
 40
1
 40
1
 40
1
 10
35.304660
 20
382.217003
 30
0.0
 10
35.851851
 20
381.556523
 30
0.0
 10
35.482577
 20
380.017504
 30
0.0
 10
36.157430
 20
379.488139
 30
0.0
  0
SPLINE
  5
199
100
AcDbEntity
  8
See_oben
 62
4
100
AcDbSpline
 70
8
 71
3
 72
8
 73
4
 74
0
 40
0
 40
0
 40
0
 40
0
 40
1
 40
1
 40
1
 40
1
 10
36.157430
 20
379.488139
 30
0.0
 10
36.802820
 20
378.981888
 30
0.0
 10
38.122759
 20
379.617323
 30
0.0
 10
38.886292
 20
379.317589
 30
0.0
  0
SPLINE
  5
19a
100
AcDbEntity
  8
See_oben
 62
4
100
AcDbSpline
 70
8
 71
3
 72
8
 73
4
 74
0
 40
0
 40
0
 40
0
 40
0
 40
1
 40
1
 40
1
 40
1
 10
38.886292
 20
379.317589
 30
0.0
 10
39.563212
 20
379.051861
 30
0.0
 10
40.211740
 20
378.257600
 30
0.0
 10
40.762386
 20
377.782603
 30
0.0
  0
SPLINE
  5
19b
100
AcDbEntity
  8
See_oben
 62
4
100
AcDbSpline
 70
8
 71
3
 72
8
 73
4
 74
0
 40
0
 40
0
 40
0
 40
0
 40
1
 40
1
 40
1
 40
1
 10
40.762386
 20
377.782603
 30
0.0
 10
41.338347
 20
377.285771
 30
0.0
 10
41.950243
 20
376.400949
 30
0.0
 10
42.638479
 20
376.077067
 30
0.0
  0
SPLINE
  5
19c
100
AcDbEntity
  8
See_oben
 62
4
100
AcDbSpline
 70
8
 71
3
 72
8
 73
4
 74
0
 40
0
 40
0
 40
0
 40
0
 40
1
 40
1
 40
1
 40
1
 10
42.638479
 20
376.077067
 30
0.0
 10
43.293201
 20
375.768949
 30
0.0
 10
44.304455
 20
375.787253
 30
0.0
 10
45.026234
 20
375.735957
 30
0.0
  0
SPLINE
  5
19d
100
AcDbEntity
  8
See_oben
 62
4
100
AcDbSpline
 70
8
 71
3
 72
8
 73
4
 74
0
 40
0
 40
0
 40
0
 40
0
 40
1
 40
1
 40
1
 40
1
 10
45.026234
 20
375.735957
 30
0.0
 10
45.740757
 20
375.685184
 30
0.0
 10
46.796607
 20
376.099221
 30
0.0
 10
47.413988
 20
375.735957
 30
0.0
  0
SPLINE
  5
19e
100
AcDbEntity
  8
See_oben
 62
4
100
AcDbSpline
 70
8
 71
3
 72
8
 73
4
 74
0
 40
0
 40
0
 40
0
 40
0
 40
1
 40
1
 40
1
 40
1
 10
47.413988
 20
375.735957
 30
0.0
 10
47.868012
 20
375.468811
 30
0.0
 10
48.163021
 20
374.717440
 30
0.0
 10
48.266758
 20
374.200971
 30
0.0
  0
SPLINE
  5
19f
100
AcDbEntity
  8
See_oben
 62
4
100
AcDbSpline
 70
8
 71
3
 72
8
 73
4
 74
0
 40
0
 40
0
 40
0
 40
0
 40
1
 40
1
 40
1
 40
1
 10
48.266758
 20
374.200971
 30
0.0
 10
48.358001
 20
373.746709
 30
0.0
 10
47.787199
 20
373.011221
 30
0.0
 10
48.096204
 20
372.665984
 30
0.0
  0
SPLINE
  5
1a0
100
AcDbEntity
  8
See_oben
 62
4
100
AcDbSpline
 70
8
 71
3
 72
8
 73
4
 74
0
 40
0
 40
0
 40
0
 40
0
 40
1
 40
1
 40
1
 40
1
 10
48.096204
 20
372.665984
 30
0.0
 10
48.369195
 20
372.360981
 30
0.0
 10
49.088754
 20
372.494944
 30
0.0
 10
49.460636
 20
372.665984
 30
0.0
  0
SPLINE
  5
1a1
100
AcDbEntity
  8
See_oben
 62
4
100
AcDbSpline
 70
8
 71
3
 72
8
 73
4
 74
0
 40
0
 40
0
 40
0
 40
0
 40
1
 40
1
 40
1
 40
1
 10
49.460636
 20
372.665984
 30
0.0
 10
49.889207
 20
372.863104
 30
0.0
 10
50.055387
 20
373.662741
 30
0.0
 10
50.483958
 20
373.859861
 30
0.0
  0
SPLINE
  5
1a2
100
AcDbEntity
  8
See_oben
 62
4
100
AcDbSpline
 70
8
 71
3
 72
8
 73
4
 74
0
 40
0
 40
0
 40
0
 40
0
 40
1
 40
1
 40
1
 40
1
 10
50.483958
 20
373.859861
 30
0.0
 10
51.041780
 20
374.116427
 30
0.0
 10
51.924540
 20
373.958208
 30
0.0
 10
52.530606
 20
373.859861
 30
0.0
  0
SPLINE
  5
1a3
100
AcDbEntity
  8
See_oben
 62
4
100
AcDbSpline
 70
8
 71
3
 72
8
 73
4
 74
0
 40
0
 40
0
 40
0
 40
0
 40
1
 40
1
 40
1
 40
1
 10
52.530606
 20
373.859861
 30
0.0
 10
53.169456
 20
373.756181
 30
0.0
 10
54.099342
 20
373.614080
 30
0.0
 10
54.577253
 20
373.177643
 30
0.0
  0
SPLINE
  5
1a4
100
AcDbEntity
  8
See_oben
 62
4
100
AcDbSpline
 70
8
 71
3
 72
8
 73
4
 74
0
 40
0
 40
0
 40
0
 40
0
 40
1
 40
1
 40
1
 40
1
 10
54.577253
 20
373.177643
 30
0.0
 10
55.237092
 20
372.575072
 30
0.0
 10
55.208227
 20
371.142773
 30
0.0
 10
55.771131
 20
370.448779
 30
0.0
  0
SPLINE
  5
1a5
100
AcDbEntity
  8
See_oben
 62
4
100
AcDbSpline
 70
8
 71
3
 72
8
 73
4
 74
0
 40
0
 40
0
 40
0
 40
0
 40
1
 40
1
 40
1
 40
1
 10
55.771131
 20
370.448779
 30
0.0
 10
56.325666
 20
369.765109
 30
0.0
 10
57.663459
 20
369.470891
 30
0.0
 10
58.158885
 20
368.743243
 30
0.0
  0
SPLINE
  5
1a6
100
AcDbEntity
  8
See_oben
 62
4
100
AcDbSpline
 70
8
 71
3
 72
8
 73
4
 74
0
 40
0
 40
0
 40
0
 40
0
 40
1
 40
1
 40
1
 40
1
 10
58.158885
 20
368.743243
 30
0.0
 10
58.396343
 20
368.394485
 30
0.0
 10
58.460079
 20
367.798848
 30
0.0
 10
58.499993
 20
367.378816
 30
0.0
  0
SPLINE
  5
1a7
100
AcDbEntity
  8
See_oben
 62
4
100
AcDbSpline
 70
8
 71
3
 72
8
 73
4
 74
0
 40
0
 40
0
 40
0
 40
0
 40
1
 40
1
 40
1
 40
1
 10
58.499993
 20
367.378816
 30
0.0
 10
58.587246
 20
366.460544
 30
0.0
 10
58.879382
 20
365.049387
 30
0.0
 10
58.329439
 20
364.308843
 30
0.0
  0
SPLINE
  5
1a8
100
AcDbEntity
  8
See_oben
 62
4
100
AcDbSpline
 70
8
 71
3
 72
8
 73
4
 74
0
 40
0
 40
0
 40
0
 40
0
 40
1
 40
1
 40
1
 40
1
 10
58.329439
 20
364.308843
 30
0.0
 10
57.972383
 20
363.828032
 30
0.0
 10
57.043148
 20
363.730528
 30
0.0
 10
56.453346
 20
363.626624
 30
0.0
  0
SPLINE
  5
1a9
100
AcDbEntity
  8
See_oben
 62
4
100
AcDbSpline
 70
8
 71
3
 72
8
 73
4
 74
0
 40
0
 40
0
 40
0
 40
0
 40
1
 40
1
 40
1
 40
1
 10
56.453346
 20
363.626624
 30
0.0
 10
55.395153
 20
363.440192
 30
0.0
 10
53.944560
 20
363.686037
 30
0.0
 10
52.871714
 20
363.626624
 30
0.0
  0
SPLINE
  5
1aa
100
AcDbEntity
  8
See_oben
 62
4
100
AcDbSpline
 70
8
 71
3
 72
8
 73
4
 74
0
 40
0
 40
0
 40
0
 40
0
 40
1
 40
1
 40
1
 40
1
 10
52.871714
 20
363.626624
 30
0.0
 10
52.409093
 20
363.601024
 30
0.0
 10
51.770244
 20
363.619157
 30
0.0
 10
51.336729
 20
363.456075
 30
0.0
  0
SPLINE
  5
1ab
100
AcDbEntity
  8
See_oben
 62
4
100
AcDbSpline
 70
8
 71
3
 72
8
 73
4
 74
0
 40
0
 40
0
 40
0
 40
0
 40
1
 40
1
 40
1
 40
1
 10
51.336729
 20
363.456075
 30
0.0
 10
50.752354
 20
363.235659
 30
0.0
 10
50.146887
 20
362.614528
 30
0.0
 10
49.631189
 20
362.262197
 30
0.0
  0
SPLINE
  5
1ac
100
AcDbEntity
  8
See_oben
 62
4
100
AcDbSpline
 70
8
 71
3
 72
8
 73
4
 74
0
 40
0
 40
0
 40
0
 40
0
 40
1
 40
1
 40
1
 40
1
 10
49.631189
 20
362.262197
 30
0.0
 10
49.326538
 20
362.054059
 30
0.0
 10
48.827358
 20
361.876555
 30
0.0
 10
48.607866
 20
361.579979
 30
0.0
  0
SPLINE
  5
1ad
100
AcDbEntity
  8
See_oben
 62
4
100
AcDbSpline
 70
8
 71
3
 72
8
 73
4
 74
0
 40
0
 40
0
 40
0
 40
0
 40
1
 40
1
 40
1
 40
1
 10
48.607866
 20
361.579979
 30
0.0
 10
48.290083
 20
361.150592
 30
0.0
 10
48.424111
 20
360.296149
 30
0.0
 10
48.096204
 20
359.874443
 30
0.0
  0
SPLINE
  5
1ae
100
AcDbEntity
  8
See_oben
 62
4
100
AcDbSpline
 70
8
 71
3
 72
8
 73
4
 74
0
 40
0
 40
0
 40
0
 40
0
 40
1
 40
1
 40
1
 40
1
 10
48.096204
 20
359.874443
 30
0.0
 10
47.729927
 20
359.403392
 30
0.0
 10
46.965709
 20
359.010389
 30
0.0
 10
46.390665
 20
358.851115
 30
0.0
  0
SPLINE
  5
1af
100
AcDbEntity
  8
See_oben
 62
4
100
AcDbSpline
 70
8
 71
3
 72
8
 73
4
 74
0
 40
0
 40
0
 40
0
 40
0
 40
1
 40
1
 40
1
 40
1
 10
46.390665
 20
358.851115
 30
0.0
 10
45.798949
 20
358.687221
 30
0.0
 10
44.956467
 20
358.807595
 30
0.0
 10
44.344018
 20
358.851115
 30
0.0
  0
SPLINE
  5
1b0
100
AcDbEntity
  8
See_oben
 62
4
100
AcDbSpline
 70
8
 71
3
 72
8
 73
4
 74
0
 40
0
 40
0
 40
0
 40
0
 40
1
 40
1
 40
1
 40
1
 10
44.344018
 20
358.851115
 30
0.0
 10
43.983129
 20
358.876715
 30
0.0
 10
43.473744
 20
358.859648
 30
0.0
 10
43.150141
 20
359.021675
 30
0.0
  0
SPLINE
  5
1b1
100
AcDbEntity
  8
See_oben
 62
4
100
AcDbSpline
 70
8
 71
3
 72
8
 73
4
 74
0
 40
0
 40
0
 40
0
 40
0
 40
1
 40
1
 40
1
 40
1
 10
43.150141
 20
359.021675
 30
0.0
 10
42.502935
 20
359.345280
 30
0.0
 10
41.679436
 20
360.042773
 30
0.0
 10
41.444602
 20
360.727211
 30
0.0
  0
SPLINE
  5
1b2
100
AcDbEntity
  8
See_oben
 62
4
100
AcDbSpline
 70
8
 71
3
 72
8
 73
4
 74
0
 40
0
 40
0
 40
0
 40
0
 40
1
 40
1
 40
1
 40
1
 10
41.444602
 20
360.727211
 30
0.0
 10
41.310725
 20
361.117397
 30
0.0
 10
41.454735
 20
361.711616
 30
0.0
 10
41.615155
 20
362.091637
 30
0.0
  0
SPLINE
  5
1b3
100
AcDbEntity
  8
See_oben
 62
4
100
AcDbSpline
 70
8
 71
3
 72
8
 73
4
 74
0
 40
0
 40
0
 40
0
 40
0
 40
1
 40
1
 40
1
 40
1
 10
41.615155
 20
362.091637
 30
0.0
 10
41.742602
 20
362.393451
 30
0.0
 10
42.347633
 20
362.620661
 30
0.0
 10
42.297371
 20
362.944405
 30
0.0
  0
SPLINE
  5
1b4
100
AcDbEntity
  8
See_oben
 62
4
100
AcDbSpline
 70
8
 71
3
 72
8
 73
4
 74
0
 40
0
 40
0
 40
0
 40
0
 40
1
 40
1
 40
1
 40
1
 10
42.297371
 20
362.944405
 30
0.0
 10
42.240763
 20
363.309003
 30
0.0
 10
41.642909
 20
363.617845
 30
0.0
 10
41.274048
 20
363.626624
 30
0.0
  0
SPLINE
  5
1b5
100
AcDbEntity
  8
See_oben
 62
4
100
AcDbSpline
 70
8
 71
3
 72
8
 73
4
 74
0
 40
0
 40
0
 40
0
 40
0
 40
1
 40
1
 40
1
 40
1
 10
41.274048
 20
363.626624
 30
0.0
 10
40.379259
 20
363.647957
 30
0.0
 10
39.421216
 20
362.642453
 30
0.0
 10
38.715739
 20
362.091637
 30
0.0
  0
SPLINE
  5
1b6
100
AcDbEntity
  8
See_oben
 62
4
100
AcDbSpline
 70
8
 71
3
 72
8
 73
4
 74
0
 40
0
 40
0
 40
0
 40
0
 40
1
 40
1
 40
1
 40
1
 10
38.715739
 20
362.091637
 30
0.0
 10
37.746154
 20
361.334613
 30
0.0
 10
36.886771
 20
359.798304
 30
0.0
 10
35.816322
 20
359.192224
 30
0.0
  0
SPLINE
  5
1b7
100
AcDbEntity
  8
See_oben
 62
4
100
AcDbSpline
 70
8
 71
3
 72
8
 73
4
 74
0
 40
0
 40
0
 40
0
 40
0
 40
1
 40
1
 40
1
 40
1
 10
35.816322
 20
359.192224
 30
0.0
 10
35.265581
 20
358.880405
 30
0.0
 10
34.402175
 20
358.702805
 30
0.0
 10
33.769676
 20
358.680565
 30
0.0
  0
SPLINE
  5
1b8
100
AcDbEntity
  8
See_oben
 62
4
100
AcDbSpline
 70
8
 71
3
 72
8
 73
4
 74
0
 40
0
 40
0
 40
0
 40
0
 40
1
 40
1
 40
1
 40
1
 10
33.769676
 20
358.680565
 30
0.0
 10
32.886956
 20
358.649525
 30
0.0
 10
31.618613
 20
358.723019
 30
0.0
 10
30.870258
 20
359.192224
 30
0.0
  0
SPLINE
  5
1b9
100
AcDbEntity
  8
See_oben
 62
4
100
AcDbSpline
 70
8
 71
3
 72
8
 73
4
 74
0
 40
0
 40
0
 40
0
 40
0
 40
1
 40
1
 40
1
 40
1
 10
30.870258
 20
359.192224
 30
0.0
 10
29.907709
 20
359.795680
 30
0.0
 10
29.785503
 20
362.171456
 30
0.0
 10
28.653058
 20
362.262197
 30
0.0
  0
SPLINE
  5
1ba
100
AcDbEntity
  8
See_oben
 62
4
100
AcDbSpline
 70
8
 71
3
 72
8
 73
4
 74
0
 40
0
 40
0
 40
0
 40
0
 40
1
 40
1
 40
1
 40
1
 10
28.653058
 20
362.262197
 30
0.0
 10
28.220285
 20
362.296864
 30
0.0
 10
27.946778
 20
361.535477
 30
0.0
 10
27.629734
 20
361.238869
 30
0.0
  0
SPLINE
  5
1bb
100
AcDbEntity
  8
See_oben
 62
4
100
AcDbSpline
 70
8
 71
3
 72
8
 73
4
 74
0
 40
0
 40
0
 40
0
 40
0
 40
1
 40
1
 40
1
 40
1
 10
27.629734
 20
361.238869
 30
0.0
 10
26.835367
 20
360.495691
 30
0.0
 10
25.755712
 20
359.523851
 30
0.0
 10
24.900871
 20
358.851115
 30
0.0
  0
SPLINE
  5
1bc
100
AcDbEntity
  8
See_oben
 62
4
100
AcDbSpline
 70
8
 71
3
 72
8
 73
4
 74
0
 40
0
 40
0
 40
0
 40
0
 40
1
 40
1
 40
1
 40
1
 10
24.900871
 20
358.851115
 30
0.0
 10
24.064191
 20
358.192672
 30
0.0
 10
23.016267
 20
357.126560
 30
0.0
 10
22.001455
 20
356.804469
 30
0.0
  0
SPLINE
  5
1bd
100
AcDbEntity
  8
See_oben
 62
4
100
AcDbSpline
 70
8
 71
3
 72
8
 73
4
 74
0
 40
0
 40
0
 40
0
 40
0
 40
1
 40
1
 40
1
 40
1
 10
22.001455
 20
356.804469
 30
0.0
 10
20.587162
 20
356.355595
 30
0.0
 10
18.512437
 20
356.523872
 30
0.0
 10
17.055392
 20
356.804469
 30
0.0
  0
SPLINE
  5
1be
100
AcDbEntity
  8
See_oben
 62
4
100
AcDbSpline
 70
8
 71
3
 72
8
 73
4
 74
0
 40
0
 40
0
 40
0
 40
0
 40
1
 40
1
 40
1
 40
1
 10
17.055392
 20
356.804469
 30
0.0
 10
15.973126
 20
357.012896
 30
0.0
 10
14.587915
 20
357.599371
 30
0.0
 10
13.644314
 20
358.168896
 30
0.0
  0
SPLINE
  5
1bf
100
AcDbEntity
  8
See_oben
 62
4
100
AcDbSpline
 70
8
 71
3
 72
8
 73
4
 74
0
 40
0
 40
0
 40
0
 40
0
 40
1
 40
1
 40
1
 40
1
 10
13.644314
 20
358.168896
 30
0.0
 10
12.090604
 20
359.106656
 30
0.0
 10
10.542238
 20
361.074400
 30
0.0
 10
9.039358
 20
362.091637
 30
0.0
  0
SPLINE
  5
1c0
100
AcDbEntity
  8
See_oben
 62
4
100
AcDbSpline
 70
8
 71
3
 72
8
 73
4
 74
0
 40
0
 40
0
 40
0
 40
0
 40
1
 40
1
 40
1
 40
1
 10
9.039358
 20
362.091637
 30
0.0
 10
8.129580
 20
362.707424
 30
0.0
 10
6.366628
 20
362.856704
 30
0.0
 10
5.798833
 20
363.797184
 30
0.0
  0
SPLINE
  5
1c1
100
AcDbEntity
  8
See_oben
 62
4
100
AcDbSpline
 70
8
 71
3
 72
8
 73
4
 74
0
 40
0
 40
0
 40
0
 40
0
 40
1
 40
1
 40
1
 40
1
 10
5.798833
 20
363.797184
 30
0.0
 10
5.534385
 20
364.235211
 30
0.0
 10
6.017942
 20
365.040352
 30
0.0
 10
5.798833
 20
365.502720
 30
0.0
  0
SPLINE
  5
1c2
100
AcDbEntity
  8
See_oben
 62
4
100
AcDbSpline
 70
8
 71
3
 72
8
 73
4
 74
0
 40
0
 40
0
 40
0
 40
0
 40
1
 40
1
 40
1
 40
1
 10
5.798833
 20
365.502720
 30
0.0
 10
5.487421
 20
366.159872
 30
0.0
 10
4.489562
 20
366.582133
 30
0.0
 10
3.922740
 20
367.037707
 30
0.0
  0
SPLINE
  5
1c3
100
AcDbEntity
  8
See_oben
 62
4
100
AcDbSpline
 70
8
 71
3
 72
8
 73
4
 74
0
 40
0
 40
0
 40
0
 40
0
 40
1
 40
1
 40
1
 40
1
 10
3.922740
 20
367.037707
 30
0.0
 10
2.957313
 20
367.813643
 30
0.0
 10
1.490354
 20
368.657376
 30
0.0
 10
0.682216
 20
369.596011
 30
0.0
  0
SPLINE
  5
1c4
100
AcDbEntity
  8
See_oben
 62
4
100
AcDbSpline
 70
8
 71
3
 72
8
 73
4
 74
0
 40
0
 40
0
 40
0
 40
0
 40
1
 40
1
 40
1
 40
1
 10
0.682216
 20
369.596011
 30
0.0
 10
0.413066
 20
369.908619
 30
0.0
 10
0.105879
 20
370.391189
 30
0.0
 10
0.000000
 20
370.789888
 30
0.0
  0
LWPOLYLINE
  5
1c5
100
AcDbEntity
  8
See_oben
 62
7
100
AcDbPolyline
 90
2
 70
0
 10
0.000000
 20
370.789888
 30
0.0
 10
0.000000
 20
403.024576
 30
0.0
  0
ENDSEC
  0
SECTION
  2
OBJECTS
  0
DICTIONARY
  5
C
330
0
100
AcDbDictionary
  3
ACAD_GROUP
350
D
  3
ACAD_MLINESTYLE
350
17
  0
DICTIONARY
  5
D
330
C
100
AcDbDictionary
  0
DICTIONARY
  5
1A
330
C
100
AcDbDictionary
  0
DICTIONARY
  5
17
330
C
100
AcDbDictionary
  3
STANDARD
350
18
  0
DICTIONARY
  5
19
330
C
100
AcDbDictionary
  0
ENDSEC
  0
EOF
